Workbook

Sheet README
A1: Lineage Schedule v2 — 사용 안내
A3: 탭 구성
A4: • Client Board / Farming Board — 고객 계정 / 농장 계정 주간 보기 (수식, 직접 수정 금지). B2에 주 시작 일요일 입력하면 다른 주 조회
A5: • Schedule — 원장. 1행 = 계정 × 날짜 × 시프트(Slot). 시간·플레이어·사냥터·KPI·골드·물약을 여기서 입력/수정 (필터 사용)
A6: - Time: HH:MM-HH:MM 또는 OFF. Hours/Week/Key/Display/Maint Hrs/Pay Week(P~U열)는 자동 계산 — 건드리지 말 것
A7: • Planner — 기간 스케줄 입력 (예: 10/1~10/31 평일 09:00-17:00 Cejay). 행을 채우고 디스코드 /plan → 미리보기 → Apply
A8: • Settings — 정기점검 요일·시간 (기본 수요일 05:00-09:00). 겹치는 시프트 시간은 Hours에서 자동 차감
A9: • Accounts — 계정 마스터. Type=Client(고객) / Farming(농장), Status=Active/Paused/Inactive, Customer=고객명, SalesRep=담당 영업
A10: • TL Board / TL Schedule — 팀 리더 근무표 (Board = 주간 보기, Schedule = 입력: 근무시간·출근). TL OT는 Overtime 탭 (Role=TL). 이관: Week 16~39 + 다음 주 초안
A11: • Overtime / Incentives / Death Penalty — 매니저 기록 로그 (디스코드 봇 /ot /incentive /penalty 로 입력, 직접 입력도 가능). Performance Pay — 인센티브 기준표
A12: • Payroll — 2주 단위(월~일 × 2, 예: 9/21~10/4) 직원별 1·2주차 근무시간, OT, 페널티, 지급 시간, 인센티브 합계, 담당 캐릭터 자동 집계. B2에 기간 시작일 입력하면 과거 기간 조회 / Payroll History — 기존 수기 Payroll(W19·20·33·34)
A13: • Glossary — 봇 용어 사전 / EventLog — 봇 기록(질문·재접속·정보)
... A28: Taejo: 마스터=Client / 시트 배치=Farming

Sheet Planner
A1: Account | B1: Slot | C1: Days | D1: Time | E1: Player | F1: Hunting Ground | G1: From | H1: To | I1: Status
A2: ADA | B2: 1 | C2: Mon-Fri | D2: 09:00-17:00 | E2: Cejay | G2: 2026-10-01 | H2: 2026-10-31 | I2: EXAMPLE — delete this row. Blank Player/Ground = keep what's there. Days: Daily, Mon-Fri, Weekends, Mon,Wed,Fri. Then run /plan in Discord.

Sheet Client Board
A1: CLIENT (고객) ACCOUNTS — Weekly Board
A2: Week start (Sun): | B2: =TEXT(TODAY()-WEEKDAY(TODAY())+1,"yyyy-mm-dd") | D2: ← 다른 주를 보려면 일요일 날짜(yyyy-mm-dd)를 직접 입력. 이 탭은 보기 전용 — 수정은 Schedule 탭에서.
A3: Account | B3: Slot | C3: Sun | D3: Mon | E3: Tue | F3: Wed | G3: Thu | H3: Fri | I3: Sat | J3: Hours
A4: date → | C4: =TEXT(DATEVALUE($B$2)+0,"yyyy-mm-dd") | D4: =TEXT(DATEVALUE($B$2)+1,"yyyy-mm-dd") | E4: =TEXT(DATEVALUE($B$2)+2,"yyyy-mm-dd") | F4: =TEXT(DATEVALUE($B$2)+3,"yyyy-mm-dd") | G4: =TEXT(DATEVALUE($B$2)+4,"yyyy-mm-dd") | H4: =TEXT(DATEVALUE($B$2)+5,"yyyy-mm-dd") | I4: =TEXT(DATEVALUE($B$2)+6,"yyyy-mm-dd")
A5: ADA | B5: 1 | C5: =ARRAYFORMULA(IF($A5:$A300="","",IFERROR(VLOOKUP(C$4&"|"&$A5:$A300&"|"&$B5:$B300,Schedule!$R:$S,2,FALSE),""))) | D5: =ARRAYFORMULA(IF($A5:$A300="","",IFERROR(VLOOKUP(D$4&"|"&$A5:$A300&"|"&$B5:$B300,Schedule!$R:$S,2,FALSE),""))) | E5: =ARRAYFORMULA(IF($A5:$A300="","",IFERROR(VLOOKUP(E$4&"|"&$A5:$A300&"|"&$B5:$B300,Schedule!$R:$S,2,FALSE),""))) | F5: =ARRAYFORMULA(IF($A5:$A300="","",IFERROR(VLOOKUP(F$4&"|"&$A5:$A300&"|"&$B5:$B300,Schedule!$R:$S,2,FALSE),""))) | G5: =ARRAYFORMULA(IF($A5:$A300="","",IFERROR(VLOOKUP(G$4&"|"&$A5:$A300&"|"&$B5:$B300,Schedule!$R:$S,2,FALSE),""))) | H5: =ARRAYFORMULA(IF($A5:$A300="","",IFERROR(VLOOKUP(H$4&"|"&$A5:$A300&"|"&$B5:$B300,Schedule!$R:$S,2,FALSE),""))) | I5: =ARRAYFORMULA(IF($A5:$A300="","",IFERROR(VLOOKUP(I$4&"|"&$A5:$A300&"|"&$B5:$B300,Schedule!$R:$S,2,FALSE),""))) | J5: =IF($A5="","",SUMIFS(Schedule!$P:$P,Schedule!$Q:$Q,$B$2,Schedule!$D:$D,$A5,Schedule!$E:$E,$B5))
A6: ADA | B6: 2 | J6: =IF($A6="","",SUMIFS(Schedule!$P:$P,Schedule!$Q:$Q,$B$2,Schedule!$D:$D,$A6,Schedule!$E:$E,$B6))
A7: Alex | B7: 1 | J7: =IF($A7="","",SUMIFS(Schedule!$P:$P,Schedule!$Q:$Q,$B$2,Schedule!$D:$D,$A7,Schedule!$E:$E,$B7))
A8: Alex | B8: 2 | J8: =IF($A8="","",SUMIFS(Schedule!$P:$P,Schedule!$Q:$Q,$B$2,Schedule!$D:$D,$A8,Schedule!$E:$E,$B8))
A9: Alex | B9: 3 | J9: =IF($A9="","",SUMIFS(Schedule!$P:$P,Schedule!$Q:$Q,$B$2,Schedule!$D:$D,$A9,Schedule!$E:$E,$B9))
A10: Beongaebul | B10: 1 | J10: =IF($A10="","",SUMIFS(Schedule!$P:$P,Schedule!$Q:$Q,$B$2,Schedule!$D:$D,$A10,Schedule!$E:$E,$B10))
A11: Captain | B11: 1 | J11: =IF($A11="","",SUMIFS(Schedule!$P:$P,Schedule!$Q:$Q,$B$2,Schedule!$D:$D,$A11,Schedule!$E:$E,$B11))
A12: Captain | B12: 2 | J12: =IF($A12="","",SUMIFS(Schedule!$P:$P,Schedule!$Q:$Q,$B$2,Schedule!$D:$D,$A12,Schedule!$E:$E,$B12))
A13: Dalo | B13: 1 | J13: =IF($A13="","",SUMIFS(Schedule!$P:$P,Schedule!$Q:$Q,$B$2,Schedule!$D:$D,$A13,Schedule!$E:$E,$B13))
A14: Dalo | B14: 2 | J14: =IF($A14="","",SUMIFS(Schedule!$P:$P,Schedule!$Q:$Q,$B$2,Schedule!$D:$D,$A14,Schedule!$E:$E,$B14))
A15: Dalo | B15: 3 | J15: =IF($A15="","",SUMIFS(Schedule!$P:$P,Schedule!$Q:$Q,$B$2,Schedule!$D:$D,$A15,Schedule!$E:$E,$B15))
A16: Dodam | B16: 1 | J16: =IF($A16="","",SUMIFS(Schedule!$P:$P,Schedule!$Q:$Q,$B$2,Schedule!$D:$D,$A16,Schedule!$E:$E,$B16))
A17: Dodam | B17: 2 | J17: =IF($A17="","",SUMIFS(Schedule!$P:$P,Schedule!$Q:$Q,$B$2,Schedule!$D:$D,$A17,Schedule!$E:$E,$B17))
... A58: Zombie | B58: 3 | J58: =IF($A58="","",SUMIFS(Schedule!$P:$P,Schedule!$Q:$Q,$B$2,Schedule!$D:$D,$A58,Schedule!$E:$E,$B58))
J59: =IF($A59="","",SUMIFS(Schedule!$P:$P,Schedule!$Q:$Q,$B$2,Schedule!$D:$D,$A59,Schedule!$E:$E,$B59))
J60: =IF($A60="","",SUMIFS(Schedule!$P:$P,Schedule!$Q:$Q,$B$2,Schedule!$D:$D,$A60,Schedule!$E:$E,$B60))
J61: =IF($A61="","",SUMIFS(Schedule!$P:$P,Schedule!$Q:$Q,$B$2,Schedule!$D:$D,$A61,Schedule!$E:$E,$B61))
J62: =IF($A62="","",SUMIFS(Schedule!$P:$P,Schedule!$Q:$Q,$B$2,Schedule!$D:$D,$A62,Schedule!$E:$E,$B62))
J63: =IF($A63="","",SUMIFS(Schedule!$P:$P,Schedule!$Q:$Q,$B$2,Schedule!$D:$D,$A63,Schedule!$E:$E,$B63))
J64: =IF($A64="","",SUMIFS(Schedule!$P:$P,Schedule!$Q:$Q,$B$2,Schedule!$D:$D,$A64,Schedule!$E:$E,$B64))
J65: =IF($A65="","",SUMIFS(Schedule!$P:$P,Schedule!$Q:$Q,$B$2,Schedule!$D:$D,$A65,Schedule!$E:$E,$B65))
J66: =IF($A66="","",SUMIFS(Schedule!$P:$P,Schedule!$Q:$Q,$B$2,Schedule!$D:$D,$A66,Schedule!$E:$E,$B66))
J67: =IF($A67="","",SUMIFS(Schedule!$P:$P,Schedule!$Q:$Q,$B$2,Schedule!$D:$D,$A67,Schedule!$E:$E,$B67))
J68: =IF($A68="","",SUMIFS(Schedule!$P:$P,Schedule!$Q:$Q,$B$2,Schedule!$D:$D,$A68,Schedule!$E:$E,$B68))
J69: =IF($A69="","",SUMIFS(Schedule!$P:$P,Schedule!$Q:$Q,$B$2,Schedule!$D:$D,$A69,Schedule!$E:$E,$B69))
J70: =IF($A70="","",SUMIFS(Schedule!$P:$P,Schedule!$Q:$Q,$B$2,Schedule!$D:$D,$A70,Schedule!$E:$E,$B70))
... J300: =IF($A300="","",SUMIFS(Schedule!$P:$P,Schedule!$Q:$Q,$B$2,Schedule!$D:$D,$A300,Schedule!$E:$E,$B300))

Sheet Farming Board
A1: FARMING (농장) ACCOUNTS — Weekly Board
A2: Week start (Sun): | B2: =TEXT(TODAY()-WEEKDAY(TODAY())+1,"yyyy-mm-dd") | D2: ← 다른 주를 보려면 일요일 날짜(yyyy-mm-dd)를 직접 입력. 이 탭은 보기 전용 — 수정은 Schedule 탭에서.
A3: Account | B3: Slot | C3: Sun | D3: Mon | E3: Tue | F3: Wed | G3: Thu | H3: Fri | I3: Sat | J3: Hours
A4: date → | C4: =TEXT(DATEVALUE($B$2)+0,"yyyy-mm-dd") | D4: =TEXT(DATEVALUE($B$2)+1,"yyyy-mm-dd") | E4: =TEXT(DATEVALUE($B$2)+2,"yyyy-mm-dd") | F4: =TEXT(DATEVALUE($B$2)+3,"yyyy-mm-dd") | G4: =TEXT(DATEVALUE($B$2)+4,"yyyy-mm-dd") | H4: =TEXT(DATEVALUE($B$2)+5,"yyyy-mm-dd") | I4: =TEXT(DATEVALUE($B$2)+6,"yyyy-mm-dd")
A5: Kangaroo | B5: 1 | C5: =ARRAYFORMULA(IF($A5:$A300="","",IFERROR(VLOOKUP(C$4&"|"&$A5:$A300&"|"&$B5:$B300,Schedule!$R:$S,2,FALSE),""))) | D5: =ARRAYFORMULA(IF($A5:$A300="","",IFERROR(VLOOKUP(D$4&"|"&$A5:$A300&"|"&$B5:$B300,Schedule!$R:$S,2,FALSE),""))) | E5: =ARRAYFORMULA(IF($A5:$A300="","",IFERROR(VLOOKUP(E$4&"|"&$A5:$A300&"|"&$B5:$B300,Schedule!$R:$S,2,FALSE),""))) | F5: =ARRAYFORMULA(IF($A5:$A300="","",IFERROR(VLOOKUP(F$4&"|"&$A5:$A300&"|"&$B5:$B300,Schedule!$R:$S,2,FALSE),""))) | G5: =ARRAYFORMULA(IF($A5:$A300="","",IFERROR(VLOOKUP(G$4&"|"&$A5:$A300&"|"&$B5:$B300,Schedule!$R:$S,2,FALSE),""))) | H5: =ARRAYFORMULA(IF($A5:$A300="","",IFERROR(VLOOKUP(H$4&"|"&$A5:$A300&"|"&$B5:$B300,Schedule!$R:$S,2,FALSE),""))) | I5: =ARRAYFORMULA(IF($A5:$A300="","",IFERROR(VLOOKUP(I$4&"|"&$A5:$A300&"|"&$B5:$B300,Schedule!$R:$S,2,FALSE),""))) | J5: =IF($A5="","",SUMIFS(Schedule!$P:$P,Schedule!$Q:$Q,$B$2,Schedule!$D:$D,$A5,Schedule!$E:$E,$B5))
A6: Kangaroo | B6: 2 | J6: =IF($A6="","",SUMIFS(Schedule!$P:$P,Schedule!$Q:$Q,$B$2,Schedule!$D:$D,$A6,Schedule!$E:$E,$B6))
A7: Kangaroo | B7: 3 | J7: =IF($A7="","",SUMIFS(Schedule!$P:$P,Schedule!$Q:$Q,$B$2,Schedule!$D:$D,$A7,Schedule!$E:$E,$B7))
A8: Kyoryu | B8: 1 | J8: =IF($A8="","",SUMIFS(Schedule!$P:$P,Schedule!$Q:$Q,$B$2,Schedule!$D:$D,$A8,Schedule!$E:$E,$B8))
A9: Kyoryu | B9: 2 | J9: =IF($A9="","",SUMIFS(Schedule!$P:$P,Schedule!$Q:$Q,$B$2,Schedule!$D:$D,$A9,Schedule!$E:$E,$B9))
A10: Kyoryu | B10: 3 | J10: =IF($A10="","",SUMIFS(Schedule!$P:$P,Schedule!$Q:$Q,$B$2,Schedule!$D:$D,$A10,Schedule!$E:$E,$B10))
A11: Marcelo | B11: 1 | J11: =IF($A11="","",SUMIFS(Schedule!$P:$P,Schedule!$Q:$Q,$B$2,Schedule!$D:$D,$A11,Schedule!$E:$E,$B11))
A12: Marcelo | B12: 2 | J12: =IF($A12="","",SUMIFS(Schedule!$P:$P,Schedule!$Q:$Q,$B$2,Schedule!$D:$D,$A12,Schedule!$E:$E,$B12))
A13: Marcelo | B13: 3 | J13: =IF($A13="","",SUMIFS(Schedule!$P:$P,Schedule!$Q:$Q,$B$2,Schedule!$D:$D,$A13,Schedule!$E:$E,$B13))
A14: OldBlood | B14: 1 | J14: =IF($A14="","",SUMIFS(Schedule!$P:$P,Schedule!$Q:$Q,$B$2,Schedule!$D:$D,$A14,Schedule!$E:$E,$B14))
A15: Pele | B15: 1 | J15: =IF($A15="","",SUMIFS(Schedule!$P:$P,Schedule!$Q:$Q,$B$2,Schedule!$D:$D,$A15,Schedule!$E:$E,$B15))
A16: Pele | B16: 2 | J16: =IF($A16="","",SUMIFS(Schedule!$P:$P,Schedule!$Q:$Q,$B$2,Schedule!$D:$D,$A16,Schedule!$E:$E,$B16))
A17: Pele | B17: 3 | J17: =IF($A17="","",SUMIFS(Schedule!$P:$P,Schedule!$Q:$Q,$B$2,Schedule!$D:$D,$A17,Schedule!$E:$E,$B17))
... A32: Taejo | B32: 3 | J32: =IF($A32="","",SUMIFS(Schedule!$P:$P,Schedule!$Q:$Q,$B$2,Schedule!$D:$D,$A32,Schedule!$E:$E,$B32))
J33: =IF($A33="","",SUMIFS(Schedule!$P:$P,Schedule!$Q:$Q,$B$2,Schedule!$D:$D,$A33,Schedule!$E:$E,$B33))
J34: =IF($A34="","",SUMIFS(Schedule!$P:$P,Schedule!$Q:$Q,$B$2,Schedule!$D:$D,$A34,Schedule!$E:$E,$B34))
J35: =IF($A35="","",SUMIFS(Schedule!$P:$P,Schedule!$Q:$Q,$B$2,Schedule!$D:$D,$A35,Schedule!$E:$E,$B35))
J36: =IF($A36="","",SUMIFS(Schedule!$P:$P,Schedule!$Q:$Q,$B$2,Schedule!$D:$D,$A36,Schedule!$E:$E,$B36))
J37: =IF($A37="","",SUMIFS(Schedule!$P:$P,Schedule!$Q:$Q,$B$2,Schedule!$D:$D,$A37,Schedule!$E:$E,$B37))
J38: =IF($A38="","",SUMIFS(Schedule!$P:$P,Schedule!$Q:$Q,$B$2,Schedule!$D:$D,$A38,Schedule!$E:$E,$B38))
J39: =IF($A39="","",SUMIFS(Schedule!$P:$P,Schedule!$Q:$Q,$B$2,Schedule!$D:$D,$A39,Schedule!$E:$E,$B39))
J40: =IF($A40="","",SUMIFS(Schedule!$P:$P,Schedule!$Q:$Q,$B$2,Schedule!$D:$D,$A40,Schedule!$E:$E,$B40))
J41: =IF($A41="","",SUMIFS(Schedule!$P:$P,Schedule!$Q:$Q,$B$2,Schedule!$D:$D,$A41,Schedule!$E:$E,$B41))
J42: =IF($A42="","",SUMIFS(Schedule!$P:$P,Schedule!$Q:$Q,$B$2,Schedule!$D:$D,$A42,Schedule!$E:$E,$B42))
J43: =IF($A43="","",SUMIFS(Schedule!$P:$P,Schedule!$Q:$Q,$B$2,Schedule!$D:$D,$A43,Schedule!$E:$E,$B43))
J44: =IF($A44="","",SUMIFS(Schedule!$P:$P,Schedule!$Q:$Q,$B$2,Schedule!$D:$D,$A44,Schedule!$E:$E,$B44))
... J300: =IF($A300="","",SUMIFS(Schedule!$P:$P,Schedule!$Q:$Q,$B$2,Schedule!$D:$D,$A300,Schedule!$E:$E,$B300))

Sheet TL Board
A1: TEAM LEADER — Weekly Schedule
A2: Week start (Sun): | B2: =TEXT(TODAY()-WEEKDAY(TODAY())+1,"yyyy-mm-dd") | D2: ← 셀 = 근무시간 / 출근. OT Hrs = Overtime 탭 합계. 보기 전용 — 입력은 'TL Schedule' 탭에서.
A3: Leader | B3: Sun | C3: Mon | D3: Tue | E3: Wed | F3: Thu | G3: Fri | H3: Sat | I3: OT Hrs
B4: =TEXT(DATEVALUE($B$2)+0,"yyyy-mm-dd") | C4: =TEXT(DATEVALUE($B$2)+1,"yyyy-mm-dd") | D4: =TEXT(DATEVALUE($B$2)+2,"yyyy-mm-dd") | E4: =TEXT(DATEVALUE($B$2)+3,"yyyy-mm-dd") | F4: =TEXT(DATEVALUE($B$2)+4,"yyyy-mm-dd") | G4: =TEXT(DATEVALUE($B$2)+5,"yyyy-mm-dd") | H4: =TEXT(DATEVALUE($B$2)+6,"yyyy-mm-dd")
A5: Alyssa | B5: =ARRAYFORMULA(IF($A5:$A300="","",IFERROR(VLOOKUP(B$4&"|"&$A5:$A300,'TL Schedule'!$H:$I,2,FALSE),""))) | C5: =ARRAYFORMULA(IF($A5:$A300="","",IFERROR(VLOOKUP(C$4&"|"&$A5:$A300,'TL Schedule'!$H:$I,2,FALSE),""))) | D5: =ARRAYFORMULA(IF($A5:$A300="","",IFERROR(VLOOKUP(D$4&"|"&$A5:$A300,'TL Schedule'!$H:$I,2,FALSE),""))) | E5: =ARRAYFORMULA(IF($A5:$A300="","",IFERROR(VLOOKUP(E$4&"|"&$A5:$A300,'TL Schedule'!$H:$I,2,FALSE),""))) | F5: =ARRAYFORMULA(IF($A5:$A300="","",IFERROR(VLOOKUP(F$4&"|"&$A5:$A300,'TL Schedule'!$H:$I,2,FALSE),""))) | G5: =ARRAYFORMULA(IF($A5:$A300="","",IFERROR(VLOOKUP(G$4&"|"&$A5:$A300,'TL Schedule'!$H:$I,2,FALSE),""))) | H5: =ARRAYFORMULA(IF($A5:$A300="","",IFERROR(VLOOKUP(H$4&"|"&$A5:$A300,'TL Schedule'!$H:$I,2,FALSE),""))) | I5: =IF($A5="","",SUMIFS(Overtime!$H:$H,Overtime!$B:$B,$A5,Overtime!$M:$M,$B$2))
A6: John Manuel | I6: =IF($A6="","",SUMIFS(Overtime!$H:$H,Overtime!$B:$B,$A6,Overtime!$M:$M,$B$2))
A7: Micko Tanedo | I7: =IF($A7="","",SUMIFS(Overtime!$H:$H,Overtime!$B:$B,$A7,Overtime!$M:$M,$B$2))
I8: =IF($A8="","",SUMIFS(Overtime!$H:$H,Overtime!$B:$B,$A8,Overtime!$M:$M,$B$2))
I9: =IF($A9="","",SUMIFS(Overtime!$H:$H,Overtime!$B:$B,$A9,Overtime!$M:$M,$B$2))
I10: =IF($A10="","",SUMIFS(Overtime!$H:$H,Overtime!$B:$B,$A10,Overtime!$M:$M,$B$2))
I11: =IF($A11="","",SUMIFS(Overtime!$H:$H,Overtime!$B:$B,$A11,Overtime!$M:$M,$B$2))
I12: =IF($A12="","",SUMIFS(Overtime!$H:$H,Overtime!$B:$B,$A12,Overtime!$M:$M,$B$2))
I13: =IF($A13="","",SUMIFS(Overtime!$H:$H,Overtime!$B:$B,$A13,Overtime!$M:$M,$B$2))
I14: =IF($A14="","",SUMIFS(Overtime!$H:$H,Overtime!$B:$B,$A14,Overtime!$M:$M,$B$2))
I15: =IF($A15="","",SUMIFS(Overtime!$H:$H,Overtime!$B:$B,$A15,Overtime!$M:$M,$B$2))
I16: =IF($A16="","",SUMIFS(Overtime!$H:$H,Overtime!$B:$B,$A16,Overtime!$M:$M,$B$2))
I17: =IF($A17="","",SUMIFS(Overtime!$H:$H,Overtime!$B:$B,$A17,Overtime!$M:$M,$B$2))
I18: =IF($A18="","",SUMIFS(Overtime!$H:$H,Overtime!$B:$B,$A18,Overtime!$M:$M,$B$2))
I19: =IF($A19="","",SUMIFS(Overtime!$H:$H,Overtime!$B:$B,$A19,Overtime!$M:$M,$B$2))
... I300: =IF($A300="","",SUMIFS(Overtime!$H:$H,Overtime!$B:$B,$A300,Overtime!$M:$M,$B$2))

Sheet Schedule
A1: Date | B1: Day | C1: Type | D1: Account | E1: Slot | F1: Time | G1: Player | H1: Hunting Ground | I1: KPI | J1: Gold | K1: E-Red | L1: E-Green | M1: E-Purple | N1: Note | O1: Updated | P1: Hours | Q1: Week | R1: Key | S1: Display | T1: Maint Hrs | U1: Pay Week
A2: 2026-09-20 | B2: Sun | C2: Client | D2: ADA | E2: 1 | F2: 09:00-17:00 | G2: Cejay | P2: =ARRAYFORMULA(IF(A2:A50000="",,IF((F2:F50000="OFF")+(G2:G50000=""),0,IFERROR(MOD((VALUE(REGEXEXTRACT(F2:F50000,"-(\d+):"))+VALUE(REGEXEXTRACT(F2:F50000,"-\d+:(\d+)"))/60)-(VALUE(REGEXEXTRACT(F2:F50000,"^(\d+):"))+VALUE(REGEXEXTRACT(F2:F50000,"^\d+:(\d+)"))/60),24)-T2:T50000,0)))) | Q2: =ARRAYFORMULA(IF(A2:A50000="",,TEXT(IF(ISNUMBER(A2:A50000),A2:A50000,IFERROR(DATEVALUE(A2:A50000)))-WEEKDAY(IF(ISNUMBER(A2:A50000),A2:A50000,IFERROR(DATEVALUE(A2:A50000))))+1,"yyyy-mm-dd"))) | R2: =ARRAYFORMULA(IF(A2:A50000="",,TEXT(IF(ISNUMBER(A2:A50000),A2:A50000,IFERROR(DATEVALUE(A2:A50000))),"yyyy-mm-dd")&"|"&D2:D50000&"|"&E2:E50000)) | S2: =ARRAYFORMULA(IF(A2:A50000="",,IF(F2:F50000="OFF","OFF",F2:F50000&IF(G2:G50000="","",CHAR(10)&G2:G50000)&IF(H2:H50000="","",CHAR(10)&"@"&H2:H50000)&IF(T2:T50000>0,CHAR(10)&"⚙ maint -"&T2:T50000&"h","")))) | T2: =ARRAYFORMULA(IF(A2:A50000="",,IF(F2:F50000="OFF",0,IFERROR(IFERROR(IF(WEEKDAY(IF(ISNUMBER(A2:A50000),A2:A50000,IFERROR(DATEVALUE(A2:A50000))))=((FIND(LEFT('Settings'!$B$2,3),"SunMonTueWedThuFriSat")+2)/3),IF(IF(((VALUE(REGEXEXTRACT(F2:F50000,"^(\d+):"))+VALUE(REGEXEXTRACT(F2:F50000,"^\d+:(\d+)"))/60)+MOD((VALUE(REGEXEXTRACT(F2:F50000,"-(\d+):"))+VALUE(REGEXEXTRACT(F2:F50000,"-\d+:(\d+)"))/60)-(VALUE(REGEXEXTRACT(F2:F50000,"^(\d+):"))+VALUE(REGEXEXTRACT(F2:F50000,"^\d+:(\d+)"))/60),24))<(HOUR('Settings'!$B$4)+MINUTE('Settings'!$B$4)/60),((VALUE(REGEXEXTRACT(F2:F50000,"^(\d+):"))+VALUE(REGEXEXTRACT(F2:F50000,"^\d+:(\d+)"))/60)+MOD((VALUE(REGEXEXTRACT(F2:F50000,"-(\d+):"))+VALUE(REGEXEXTRACT(F2:F50000,"-\d+:(\d+)"))/60)-(VALUE(REGEXEXTRACT(F2:F50000,"^(\d+):"))+VALUE(REGEXEXTRACT(F2:F50000,"^\d+:(\d+)"))/60),24)),(HOUR('Settings'!$B$4)+MINUTE('Settings'!$B$4)/60))-IF((VALUE(REGEXEXTRACT(F2:F50000,"^(\d+):"))+VALUE(REGEXEXTRACT(F2:F50000,"^\d+:(\d+)"))/60)>(HOUR('Settings'!$B$3)+MINUTE('Settings'!$B$3)/60),(VALUE(REGEXEXTRACT(F2:F50000,"^(\d+):"))+VALUE(REGEXEXTRACT(F2:F50000,"^\d+:(\d+)"))/60),(HOUR('Settings'!$B$3)+MINUTE('Settings'!$B$3)/60))>0,IF(((VALUE(REGEXEXTRACT(F2:F50000,"^(\d+):"))+VALUE(REGEXEXTRACT(F2:F50000,"^\d+:(\d+)"))/60)+MOD((VALUE(REGEXEXTRACT(F2:F50000,"-(\d+):"))+VALUE(REGEXEXTRACT(F2:F50000,"-\d+:(\d+)"))/60)-(VALUE(REGEXEXTRACT(F2:F50000,"^(\d+):"))+VALUE(REGEXEXTRACT(F2:F50000,"^\d+:(\d+)"))/60),24))<(HOUR('Settings'!$B$4)+MINUTE('Settings'!$B$4)/60),((VALUE(REGEXEXTRACT(F2:F50000,"^(\d+):"))+VALUE(REGEXEXTRACT(F2:F50000,"^\d+:(\d+)"))/60)+MOD((VALUE(REGEXEXTRACT(F2:F50000,"-(\d+):"))+VALUE(REGEXEXTRACT(F2:F50000,"-\d+:(\d+)"))/60)-(VALUE(REGEXEXTRACT(F2:F50000,"^(\d+):"))+VALUE(REGEXEXTRACT(F2:F50000,"^\d+:(\d+)"))/60),24)),(HOUR('Settings'!$B$4)+MINUTE('Settings'!$B$4)/60))-IF((VALUE(REGEXEXTRACT(F2:F50000,"^(\d+):"))+VALUE(REGEXEXTRACT(F2:F50000,"^\d+:(\d+)"))/60)>(HOUR('Settings'!$B$3)+MINUTE('Settings'!$B$3)/60),(VALUE(REGEXEXTRACT(F2:F50000,"^(\d+):"))+VALUE(REGEXEXTRACT(F2:F50000,"^\d+:(\d+)"))/60),(HOUR('Settings'!$B$3)+MINUTE('Settings'!$B$3)/60)),0),0)+IF(WEEKDAY(IF(ISNUMBER(A2:A50000),A2:A50000,IFERROR(DATEVALUE(A2:A50000)))+1)=((FIND(LEFT('Settings'!$B$2,3),"SunMonTueWedThuFriSat")+2)/3),IF(IF(((VALUE(REGEXEXTRACT(F2:F50000,"^(\d+):"))+VALUE(REGEXEXTRACT(F2:F50000,"^\d+:(\d+)"))/60)+MOD((VALUE(REGEXEXTRACT(F2:F50000,"-(\d+):"))+VALUE(REGEXEXTRACT(F2:F50000,"-\d+:(\d+)"))/60)-(VALUE(REGEXEXTRACT(F2:F50000,"^(\d+):"))+VALUE(REGEXEXTRACT(F2:F50000,"^\d+:(\d+)"))/60),24))<(24+(HOUR('Settings'!$B$4)+MINUTE('Settings'!$B$4)/60)),((VALUE(REGEXEXTRACT(F2:F50000,"^(\d+):"))+VALUE(REGEXEXTRACT(F2:F50000,"^\d+:(\d+)"))/60)+MOD((VALUE(REGEXEXTRACT(F2:F50000,"-(\d+):"))+VALUE(REGEXEXTRACT(F2:F50000,"-\d+:(\d+)"))/60)-(VALUE(REGEXEXTRACT(F2:F50000,"^(\d+):"))+VALUE(REGEXEXTRACT(F2:F50000,"^\d+:(\d+)"))/60),24)),(24+(HOUR('Settings'!$B$4)+MINUTE('Settings'!$B$4)/60)))-IF((VALUE(REGEXEXTRACT(F2:F50000,"^(\d+):"))+VALUE(REGEXEXTRACT(F2:F50000,"^\d+:(\d+)"))/60)>(24+(HOUR('Settings'!$B$3)+MINUTE('Settings'!$B$3)/60)),(VALUE(REGEXEXTRACT(F2:F50000,"^(\d+):"))+VALUE(REGEXEXTRACT(F2:F50000,"^\d+:(\d+)"))/60),(24+(HOUR('Settings'!$B$3)+MINUTE('Settings'!$B$3)/60)))>0,IF(((VALUE(REGEXEXTRACT(F2:F50000,"^(\d+):"))+VALUE(REGEXEXTRACT(F2:F50000,"^\d+:(\d+)"))/60)+MOD((VALUE(REGEXEXTRACT(F2:F50000,"-(\d+):"))+VALUE(REGEXEXTRACT(F2:F50000,"-\d+:(\d+)"))/60)-(VALUE(REGEXEXTRACT(F2:F50000,"^(\d+):"))+VALUE(REGEXEXTRACT(F2:F50000,"^\d+:(\d+)"))/60),24))<(24+(HOUR('Settings'!$B$4)+MINUTE('Settings'!$B$4)/60)),((VALUE(REGEXEXTRACT(F2:F50000,"^(\d+):"))+VALUE(REGEXEXTRACT(F2:F50000,"^\d+:(\d+)"))/60)+MOD((VALUE(REGEXEXTRACT(F2:F50000,"-(\d+):"))+VALUE(REGEXEXTRACT(F2:F50000,"-\d+:(\d+)"))/60)-(VALUE(REGEXEXTRACT(F2:F50000,"^(\d+):"))+VALUE(REGEXEXTRACT(F2:F50000,"^\d+:(\d+)"))/60),24)),(24+(HOUR('Settings'!$B$4)+MINUTE('Settings'!$B$4)/60)))-IF((VALUE(REGEXEXTRACT(F2:F50000,"^(\d+):"))+VALUE(REGEXEXTRACT(F2:F50000,"^\d+:(\d+)"))/60)>(24+(HOUR('Settings'!$B$3)+MINUTE('Settings'!$B$3)/60)),(VALUE(REGEXEXTRACT(F2:F50000,"^(\d+):"))+VALUE(REGEXEXTRACT(F2:F50000,"^\d+:(\d+)"))/60),(24+(HOUR('Settings'!$B$3)+MINUTE('Settings'!$B$3)/60))),0),0),0),0)))) | U2: =ARRAYFORMULA(IF(A2:A50000="",,TEXT(IF(ISNUMBER(A2:A50000),A2:A50000,IFERROR(DATEVALUE(A2:A50000)))-WEEKDAY(IF(ISNUMBER(A2:A50000),A2:A50000,IFERROR(DATEVALUE(A2:A50000))),3),"yyyy-mm-dd")))
A3: 2026-09-20 | B3: Sun | C3: Client | D3: ADA | E3: 2 | F3: OFF
A4: 2026-09-20 | B4: Sun | C4: Client | D4: Alex | E4: 1 | F4: 08:00-16:00 | H4: Ivory Tower 4~5
A5: 2026-09-20 | B5: Sun | C5: Client | D5: Alex | E5: 2 | F5: OFF | H5: Ivory Tower 6~7
A6: 2026-09-20 | B6: Sun | C6: Client | D6: Alex | E6: 3 | F6: 01:00-08:00 | G6: Monteza | H6: Ivory Tower 4~5 | I6: 0.0097
A7: 2026-09-20 | B7: Sun | C7: Client | D7: Beongaebul | E7: 1 | F7: OFF
A8: 2026-09-20 | B8: Sun | C8: Client | D8: Captain | E8: 1 | F8: OFF
A9: 2026-09-20 | B9: Sun | C9: Client | D9: Captain | E9: 2 | F9: OFF
A10: 2026-09-20 | B10: Sun | C10: Client | D10: Dalo | E10: 1 | F10: OFF
A11: 2026-09-20 | B11: Sun | C11: Client | D11: Dalo | E11: 2 | F11: OFF
A12: 2026-09-20 | B12: Sun | C12: Client | D12: Dalo | E12: 3 | F12: OFF
A13: 2026-09-20 | B13: Sun | C13: Client | D13: Dodam | E13: 1 | F13: 23:00-11:00 | G13: Cath Valdez | H13: Island of Dreams | I13: 0.0722
A14: 2026-09-20 | B14: Sun | C14: Client | D14: Dodam | E14: 2 | F14: 07:00-19:00
A15: 2026-09-20 | B15: Sun | C15: Client | D15: Dol | E15: 1 | F15: 24:00-08:00 | G15: Smarley | H15: Dragon Valley | I15: 0.1792
A16: 2026-09-20 | B16: Sun | C16: Client | D16: Dol | E16: 2 | F16: OFF
A17: 2026-09-20 | B17: Sun | C17: Client | D17: Doma | E17: 1 | F17: OFF
A18: 2026-09-20 | B18: Sun | C18: Client | D18: Doma | E18: 2 | F18: 21:00-09:00 | G18: Mark Anthony | H18: Ivory Tower | I18: 0.0236
A19: 2026-09-20 | B19: Sun | C19: Client | D19: Duga | E19: 1 | F19: 07:00-15:00
A20: 2026-09-20 | B20: Sun | C20: Client | D20: Elf | E20: 1 | F20: OFF
A21: 2026-09-20 | B21: Sun | C21: Client | D21: Geonbae | E21: 1 | F21: OFF
A22: 2026-09-20 | B22: Sun | C22: Client | D22: Geonbae | E22: 2 | F22: 23:00-07:00 | G22: Jheco | H22: Ivory Tower | I22: 0.0601
A23: 2026-09-20 | B23: Sun | C23: Client | D23: Goop | E23: 1 | F23: OFF
A24: 2026-09-20 | B24: Sun | C24: Client | D24: Heon | E24: 1 | F24: OFF | H24: Abandoned Land (Abyss) 6 ivory tower 2 | K24: E-Potion O | L24: 555 buff | M24: Shield, Armour O
A25: 2026-09-20 | B25: Sun | C25: Client | D25: Jjuni | E25: 1 | F25: OFF
A26: 2026-09-20 | B26: Sun | C26: Client | D26: Jjuni | E26: 2 | F26: OFF
A27: 2026-09-20 | B27: Sun | C27: Client | D27: Jjuni | E27: 3 | F27: OFF | H27: Ivory Tower
A28: 2026-09-20 | B28: Sun | C28: Client | D28: Jo | E28: 1 | F28: OFF
A29: 2026-09-20 | B29: Sun | C29: Client | D29: Lammy Queen | E29: 1 | F29: OFF
A30: 2026-09-20 | B30: Sun | C30: Client | D30: Lammy Queen | E30: 2 | F30: 02:00-09:00 | G30: Richard Salupari | H30: Abandon Land | I30: 0.0387
A31: 2026-09-20 | B31: Sun | C31: Client | D31: Lolly | E31: 1 | F31: 07:00-15:00 | G31: Mitchell | H31: abandoned land 3 a land of corruption5 | K31: E-Potion O | L31: 555 buff | M31: Shield, Armour O
A32: 2026-09-20 | B32: Sun | C32: Client | D32: Mukkbo | E32: 1 | F32: OFF
A33: 2026-09-20 | B33: Sun | C33: Client | D33: Mukkbo | E33: 2 | F33: OFF
A34: 2026-09-20 | B34: Sun | C34: Client | D34: Munjin | E34: 1 | F34: OFF
A35: 2026-09-20 | B35: Sun | C35: Client | D35: Neburegi | E35: 1 | F35: OFF
A36: 2026-09-20 | B36: Sun | C36: Client | D36: Olleh | E36: 1 | F36: OFF
A37: 2026-09-20 | B37: Sun | C37: Client | D37: Olleh | E37: 2 | F37: OFF | H37: Ivory Tower
A38: 2026-09-20 | B38: Sun | C38: Client | D38: Perez | E38: 1 | F38: 08:00-16:00 | G38: Samantha
A39: 2026-09-20 | B39: Sun | C39: Client | D39: Perez | E39: 2 | F39: 13:00-18:00 | G39: Jel RIck | H39: IVORY TOWER / PEREZ | I39: 0.0073 | J39: 1600 | K39: 0 | L39: 0 | M39: 0
A40: 2026-09-20 | B40: Sun | C40: Client | D40: Perez | E40: 3 | F40: 21:00-05:00 | G40: Zenron | H40: Abandon Land | I40: 0.0112
A41: 2026-09-20 | B41: Sun | C41: Client | D41: Power20 | E41: 1 | F41: 10:00-19:00 | G41: Ginbert
A42: 2026-09-20 | B42: Sun | C42: Client | D42: Power20 | E42: 2 | F42: OFF
A43: 2026-09-20 | B43: Sun | C43: Client | D43: Power20 | E43: 3 | F43: 01:00-10:00 | G43: Roderick | H43: Ivory Tower | I43: 0.0118
A44: 2026-09-20 | B44: Sun | C44: Client | D44: Real Madrid | E44: 1 | F44: 24:00-08:00 | G44: Mark Valdez | H44: Ivory Tower | I44: 0.0152
A45: 2026-09-20 | B45: Sun | C45: Client | D45: Real Madrid | E45: 2 | F45: OFF | H45: Ivory Tower
A46: 2026-09-20 | B46: Sun | C46: Client | D46: Real Madrid | E46: 3 | F46: OFF
A47: 2026-09-20 | B47: Sun | C47: Client | D47: Return | E47: 1 | F47: 03:00-11:00 | G47: Patrick Rivera | H47: Ivory Tower | I47: 0.0068
A48: 2026-09-20 | B48: Sun | C48: Client | D48: Road | E48: 1 | F48: OFF
A49: 2026-09-20 | B49: Sun | C49: Client | D49: SSEN | E49: 1 | F49: 07:00-19:00 | G49: Cedric
A50: 2026-09-20 | B50: Sun | C50: Client | D50: Tiger | E50: 1 | F50: OFF
A51: 2026-09-20 | B51: Sun | C51: Client | D51: Tiger | E51: 2 | F51: OFF | H51: Island of Dreams
A52: 2026-09-20 | B52: Sun | C52: Client | D52: Yeoseo | E52: 1 | F52: OFF | H52: abandoned land 3 a land of corruption5 | K52: E-Potion O | L52: 555 buff | M52: Shield, Armour O
A53: 2026-09-20 | B53: Sun | C53: Client | D53: Zombie | E53: 1 | F53: OFF
A54: 2026-09-20 | B54: Sun | C54: Client | D54: Zombie | E54: 2 | F54: OFF
A55: 2026-09-20 | B55: Sun | C55: Client | D55: Zombie | E55: 3 | F55: OFF
A56: 2026-09-20 | B56: Sun | C56: Farming | D56: Kangaroo | E56: 1 | F56: 08:00-16:00 | H56: Corrupted Land
A57: 2026-09-20 | B57: Sun | C57: Farming | D57: Kangaroo | E57: 2 | F57: 15:00-18:00 | G57: David Ayag | H57: Corrupted Land | I57: 0.0131 | J57: - | K57: 0 | L57: 0 | M57: 0
A58: 2026-09-20 | B58: Sun | C58: Farming | D58: Kangaroo | E58: 3 | F58: 24:00-08:00 | G58: Raul | H58: Corrupted Land | I58: 0.0571
A59: 2026-09-20 | B59: Sun | C59: Farming | D59: Kyoryu | E59: 1 | F59: 08:00-16:00
A60: 2026-09-20 | B60: Sun | C60: Farming | D60: Kyoryu | E60: 2 | F60: 16:00-24:00 | G60: Charles Bernades | H60: ELMORE & DD | I60: 0.0187 | J60: 47205
A61: 2026-09-20 | B61: Sun | C61: Farming | D61: Kyoryu | E61: 3 | F61: 24:00-02:00 | G61: Richard Salupari | H61: Elmore
A62: 2026-09-20 | B62: Sun | C62: Farming | D62: Marcelo | E62: 1 | F62: 08:00-16:00
A63: 2026-09-20 | B63: Sun | C63: Farming | D63: Marcelo | E63: 2 | F63: 16:00-24:00 | H63: ELMORE & DD
A64: 2026-09-20 | B64: Sun | C64: Farming | D64: Marcelo | E64: 3 | F64: 24:00-08:00 | G64: Lourence | H64: Elmore | I64: 0.009 | J64: 63787
A65: 2026-09-20 | B65: Sun | C65: Farming | D65: OldBlood | E65: 1 | F65: OFF
A66: 2026-09-20 | B66: Sun | C66: Farming | D66: Pele | E66: 1 | F66: 08:00-16:00
A67: 2026-09-20 | B67: Sun | C67: Farming | D67: Pele | E67: 2 | F67: 16:00-24:00 | H67: ANT & ELMORE
A68: 2026-09-20 | B68: Sun | C68: Farming | D68: Pele | E68: 3 | F68: 24:00-06:00 | G68: Rodel | H68: ELMORE | I68: 0.0114 | J68: 30775
A69: 2026-09-20 | B69: Sun | C69: Farming | D69: Ronaldo | E69: 1 | F69: 08:00-16:00
A70: 2026-09-20 | B70: Sun | C70: Farming | D70: Ronaldo | E70: 2 | F70: 16:00-24:00 | G70: Angelo Diocales | H70: Ivory Tower 4~5 | I70: 0.0538 | J70: −3353 | K70: 0 | L70: 0 | M70: 0
A71: 2026-09-20 | B71: Sun | C71: Farming | D71: Ronaldo | E71: 3 | F71: 24:00-08:00 | G71: Joseph Racca | H71: Ivory flr4&5 | I71: 0.0819
A72: 2026-09-20 | B72: Sun | C72: Farming | D72: Sarim | E72: 1 | F72: 08:00-12:00
A73: 2026-09-20 | B73: Sun | C73: Farming | D73: Sarim | E73: 2 | F73: 16:00-24:00 | H73: ELMORE & DD
A74: 2026-09-20 | B74: Sun | C74: Farming | D74: Sarim | E74: 3 | F74: 24:00-08:00 | H74: Elmore
A75: 2026-09-20 | B75: Sun | C75: Farming | D75: Sinsang | E75: 1 | F75: OFF
A76: 2026-09-20 | B76: Sun | C76: Farming | D76: Sudden | E76: 1 | F76: 08:00-16:00
A77: 2026-09-20 | B77: Sun | C77: Farming | D77: Sudden | E77: 2 | F77: 16:00-24:00 | H77: ELMORE & DD
A78: 2026-09-20 | B78: Sun | C78: Farming | D78: Sudden | E78: 3 | F78: 24:00-08:00 | G78: Ehder Lhen | H78: Elmore | I78: 0.1291
A79: 2026-09-20 | B79: Sun | C79: Farming | D79: Sunsang | E79: 1 | F79: OFF
A80: 2026-09-20 | B80: Sun | C80: Farming | D80: Sunsang | E80: 2 | F80: OFF
A81: 2026-09-20 | B81: Sun | C81: Farming | D81: Taejo | E81: 1 | F81: 08:00-16:00
A82: 2026-09-20 | B82: Sun | C82: Farming | D82: Taejo | E82: 2 | F82: 16:00-24:00 | H82: ELMORE & DD
A83: 2026-09-20 | B83: Sun | C83: Farming | D83: Taejo | E83: 3 | F83: 24:00-08:00 | G83: Chester | H83: Elmore | I83: 0.016 | J83: 64304
A84: 2026-09-21 | B84: Mon | C84: Client | D84: ADA | E84: 1 | F84: 09:00-17:00 | G84: Cejay
A85: 2026-09-21 | B85: Mon | C85: Client | D85: ADA | E85: 2 | F85: OFF
A86: 2026-09-21 | B86: Mon | C86: Client | D86: Alex | E86: 1 | F86: 08:00-13:00 | H86: Ivory Tower 4~5
A87: 2026-09-21 | B87: Mon | C87: Client | D87: Alex | E87: 2 | F87: 16:00-24:00 | H87: Ivory Tower 6~7
A88: 2026-09-21 | B88: Mon | C88: Client | D88: Alex | E88: 3 | F88: 03:00-08:00 | G88: Raymond | H88: Ivory Tower 4~5 | I88: 0.0054
A89: 2026-09-21 | B89: Mon | C89: Client | D89: Beongaebul | E89: 1 | F89: OFF
A90: 2026-09-21 | B90: Mon | C90: Client | D90: Captain | E90: 1 | F90: OFF
A91: 2026-09-21 | B91: Mon | C91: Client | D91: Captain | E91: 2 | F91: OFF
A92: 2026-09-21 | B92: Mon | C92: Client | D92: Dalo | E92: 1 | F92: OFF
A93: 2026-09-21 | B93: Mon | C93: Client | D93: Dalo | E93: 2 | F93: OFF
A94: 2026-09-21 | B94: Mon | C94: Client | D94: Dalo | E94: 3 | F94: OFF
A95: 2026-09-21 | B95: Mon | C95: Client | D95: Dodam | E95: 1 | F95: 23:00-11:00 | G95: Cath Valdez | H95: Island of Dreams | I95: 0.0721
A96: 2026-09-21 | B96: Mon | C96: Client | D96: Dodam | E96: 2 | F96: 07:00-19:00
A97: 2026-09-21 | B97: Mon | C97: Client | D97: Dol | E97: 1 | F97: OFF | H97: Dragon Valley
A98: 2026-09-21 | B98: Mon | C98: Client | D98: Dol | E98: 2 | F98: OFF
A99: 2026-09-21 | B99: Mon | C99: Client | D99: Doma | E99: 1 | F99: OFF
A100: 2026-09-21 | B100: Mon | C100: Client | D100: Doma | E100: 2 | F100: 21:00-09:00 | G100: Mark Anthony | H100: Ivory Tower | I100: 0.023
...

Sheet Accounts
A1: Account | B1: Type | C1: Class | D1: Server | E1: KoreanName | F1: Aliases | G1: Customer | H1: SalesRep | I1: Status | J1: StartDate | K1: Notes
A2: ADA | B2: Client | C2: Knight | F2: ADA (Knight)|ADA-Knight|Ada | I2: Active
A3: Alex | B3: Client | C3: Knight | D3: 아툰 | F3: Alex Acc 31 Lv|Alex-Knight | I3: Active
A4: Beongaebul | B4: Client | I4: Active
A5: Captain | B5: Client | C5: Prince | F5: Captain - Lord (Prince)|Lord - Prince|Lord Prince | I5: Active
A6: Dalo | B6: Client | C6: Knight | F6: Dal-o|Dal-o-Knight|Dalo-Knight | I6: Active
A7: Dodam | B7: Client | C7: Elf | F7: Dodam-Elf | I7: Active
A8: Dol | B8: Client | C8: Knight | F8: Dol-Knight | I8: Active
A9: Doma | B9: Client | C9: Knight | F9: Doma-Knight | I9: Active
A10: Duga | B10: Client | C10: Knight | F10: Duga - Knight|Duga-Knight | I10: Active
A11: Elf | B11: Client | C11: Elf | F11: Elf-Elf | I11: Active
A12: Geonbae | B12: Client | C12: Elf | F12: Geonbae-Elf | I12: Active
A13: Goop | B13: Client | C13: Wizard | F13: Goop - Wizard | I13: Active
A14: Heon | B14: Client | C14: Knight | F14: Heon-Knight | I14: Active
A15: Jjuni | B15: Client | C15: Knight | F15: Jjuni-Knight | I15: Active
A16: Jo | B16: Client | C16: Elf | F16: Jo-Fairy | I16: Active
... A22: Olleh | B22: Client | C22: Knight | F22: Olleh-Knight|Olleh-knight | I22: Active
A23: Perez | B23: Client | D23: 아툰 | E23: 베레스 | F23: Perez-Spatoy|Spatoy | I23: Active
A24: Power20 | B24: Client | C24: Knight | D24: 아툰 | E24: 세상과짱뜬다 | F24: Power|Power20 33Lv|Power20-Knight | I24: Active
A25: Real Madrid | B25: Client | C25: Knight | F25: Real Madrid-Knight|Realmadrid | I25: Active
A26: Return | B26: Client | C26: Knight | F26: Return-Knight | I26: Active
A27: Road | B27: Client | F27: Road- Best Players Only|Road- Best Players Only! | I27: Active
A28: SSEN | B28: Client | F28: Ssen | I28: Active
A29: Tiger | B29: Client | C29: Knight | F29: Tiger-Knight | I29: Active
A30: Yeoseo | B30: Client | C30: Elf | F30: yeoseo-elf | I30: Active
A31: Zombie | B31: Client | C31: Knight | F31: Zombie(warrior)|Zombie-Knight | I31: Active
A32: Bang | B32: Client | C32: Wizard | F32: Bang-Wizard|Bang-Wizzard | I32: Inactive
A33: Bing | B33: Client | F33: Bing (Linpower40)|Linpower40 | I33: Inactive
A34: Bob | B34: Client | I34: Inactive
A35: Catleya | B35: Client | I35: Inactive
A36: Cheer Captain | B36: Client | F36: Cheer Captain (Leedy)|Leedy | I36: Inactive
A37: Eastin | B37: Client | I37: Inactive
A38: Gus | B38: Client | F38: CHUN 1|gus (CHUN 1) | I38: Inactive
A39: Hockey | B39: Client | C39: Elf | F39: Hockey-Elf | I39: Inactive
A40: Jangbi | B40: Client | C40: Knight | F40: Jangbi-Knight | I40: Inactive
A41: Jejo | B41: Client | C41: Knight | F41: Jejo-Knight | I41: Inactive
A42: Ji-Hyun | B42: Client | C42: Elf | F42: Ji-Hyun-Elf|Jihyun | I42: Inactive
A43: Kaisel | B43: Client | I43: Inactive
A44: League | B44: Client | C44: Knight | F44: League-Knight | I44: Inactive
A45: Linclassicterry | B45: Client | D45: 로엔그린 | E45: 제육 | I45: Inactive
A46: Mummy Lotto | B46: Client | C46: Elf | F46: Mummy Lotto(elf) | I46: Inactive
A47: Rivaldo | B47: Client | I47: Inactive
A48: Sea | B48: Client | C48: Knight | F48: Sea-Knight | I48: Inactive
A49: Summerner | B49: Client | C49: Wizard | F49: Summerner(Wizard)|Summoner | I49: Inactive
A50: Town | B50: Client | C50: Knight | F50: Town-Knight | I50: Inactive
A51: Wong | B51: Client | C51: Elf | D51: 로엔그린 | E51: 웅여 | F51: Wong - Elf|Wong-Elf | I51: Inactive
A52: Kangaroo | B52: Farming | C52: Wizard | F52: Kangaroo (Wizard) | I52: Active
A53: Kyoryu | B53: Farming | C53: Elf | D53: 아툰 | E53: 교류 | F53: Kyoryu (Elf)|Kyoryu(Elf) | I53: Active
A54: Marcelo | B54: Farming | F54: Marcelo (mania224 Lineage)|mania224 | I54: Active
A55: OldBlood | B55: Farming | C55: Wizard | F55: OldBlood (Wizard) | I55: Active
A56: Pele | B56: Farming | F56: Chaerin|Pele(Chaerin) | I56: Active
A57: Ronaldo | B57: Farming | D57: 아툰 | I57: Active
A58: Sarim | B58: Farming | I58: Active
A59: Sinsang | B59: Farming | C59: Wizard | F59: Sinsang(Magician) | I59: Active
A60: Sudden | B60: Farming | C60: Wizard | F60: Sudden (Wizard)|Sudden - FIREBAT (Wizard) | I60: Active
A61: Sunsang | B61: Farming | C61: Wizard | F61: Sunsang (Wizard) | I61: Active
A62: Taejo | B62: Farming | F62: CHUN 2|taejo (CHUN 2) | I62: Active
A63: Pung Acc | B63: Farming | C63: Elf | D63: 로엔그린 | E63: 풍룡 | F63: Pung|Pung Acc (elf) | I63: Inactive
A64: Ronaldinho | B64: Farming | F64: Mania224ss|Ronaldinho (Mania224ss Gmail) | I64: Inactive

Sheet Glossary
A1: Term | B1: Variants | C1: KoreanFull | D1: English | E1: Category | F1: Verified
A2: 바람방 | B2: 바람 방|바람의방 | C2: 바람방 | D2: Windroom | E2: hunting_ground | F2: Y
A3: 상아탑 | B3: 상탑|상아탑 N층 | C3: 상아탑 | D3: Ivory Tower (floor N = N층) | E3: hunting_ground | F3: Y
A4: 버땅 | B4: 버림받은땅|버림받은 땅 | C4: 버림받은 땅 | D4: Forsaken Land (버땅) | E4: hunting_ground | F4: N
A5: 버땅심연 | B5: 버땅 심연|심연 | C5: 버림받은 땅 심연 | D5: Forsaken Land – Abyss | E5: hunting_ground | F5: N
A6: 잊섬 | B6: 잊혀진섬|잊혀진 섬 | C6: 잊혀진 섬 | D6: Forgotten Island | E6: hunting_ground | F6: N
A7: 개미굴 | B7: 개미|ant | C7: 개미굴 | D7: Ant Cave (ant) | E7: hunting_ground | F7: N
A8: 몰이 | B8: 몰이사냥 | C8: 몰이 사냥 | D8: mob luring / pulling | E8: action | F8: Y
A9: 고정 | C9: 사냥터 고정 | D9: stay fixed at (one hunting ground) | E9: action | F9: Y
A10: 왓다갓다 | B10: 왔다갔다|왔다 갔다|번갈아 | C10: 번갈아 이동 | D10: alternate between | E10: action | F10: Y
A11: 두타임 | B11: 두 타임|2타임 | C11: 2개 시프트 | D11: both shifts (2 shifts) | E11: schedule | F11: Y
A12: 한타임 | B12: 한 타임|1타임 | C12: 1개 시프트 | D12: one shift | E12: schedule | F12: Y
A13: 점검 | B13: 서버점검 | C13: 서버 점검 | D13: server maintenance | E13: schedule | F13: Y
A14: 삭제 | B14: 취소 | C14: 시프트 삭제 | D14: cancel / remove shift | E14: schedule | F14: Y
A15: 추가 | C15: 시프트 추가 | D15: add extra shift | E15: schedule | F15: Y
A16: 경치 | B16: 경험치|경험 | C16: 경험치 | D16: EXP | E16: stat | F16: Y
A17: 카오 | B17: 카오틱 | C17: 카오틱 상태 | D17: chaotic (PK) status | E17: status | F17: Y
A18: 껐습니다 | B18: 껐어요|종료|나왔어요|미리 나왔어요|접종 | C18: 접속 종료 | D18: logged out (character is free to log in) | E18: status | F18: Y
A19: 밀어냈어 | B19: 밀렸어|튕김|튕겼어 | C19: 접속 끊김 | D19: got kicked / disconnected | E19: status | F19: Y
A20: 재접 | B20: 재로그인|다시 로그인 | C20: 다시 로그인 | D20: re-login | E20: action | F20: Y
A21: 혈원 | B21: 혈맹원 | C21: 혈맹원 | D21: clan member | E21: people | F21: Y
A22: 육성 | B22: 육성친구|대리 | C22: 대리 육성 담당자 | D22: booster / leveling trainer | E22: people | F22: Y
A23: 군주 | B23: 프린스 | C23: 군주 | D23: Prince (class) | E23: class | F23: Y
A24: 데나 | B24: 데스나이트|드가 | C24: 데스나이트 | D24: Death Knight (class) | E24: class | F24: Y
A25: 기사 | B25: 나이트 | C25: 기사 | D25: Knight (class) | E25: class | F25: Y
A26: 요정 | B26: 엘프 | C26: 요정 | D26: Elf (class) | E26: class | F26: Y
A27: 법사 | B27: 마법사|위자드 | C27: 마법사 | D27: Wizard (class) | E27: class | F27: Y
A28: GY | B28: 그야|그레이브야드|새벽 | C28: 24:00-08:00 시프트 | D28: graveyard shift (24:00-08:00) | E28: schedule | F28: Y
A29: 지피방 | C29: (확인 필요) | D29: (unknown — verify) | E29: unknown | F29: N

Sheet EventLog
A1: Timestamp | B1: Type | C1: Character | D1: Summary | E1: Status | F1: Answer

Sheet TL Schedule
A1: Date | B1: Day | C1: Leader | D1: Shift | E1: Attendance | F1: Note | G1: Week | H1: Key | I1: Display | J1: Hours | K1: Pay Week
A2: 2026-04-12 | B2: Sun | C2: ATL Jezryl | D2: OFF | G2: =ARRAYFORMULA(IF(A2:A50000="",,TEXT(IF(ISNUMBER(A2:A50000),A2:A50000,IFERROR(DATEVALUE(A2:A50000)))-WEEKDAY(IF(ISNUMBER(A2:A50000),A2:A50000,IFERROR(DATEVALUE(A2:A50000))))+1,"yyyy-mm-dd"))) | H2: =ARRAYFORMULA(IF(A2:A50000="",,TEXT(IF(ISNUMBER(A2:A50000),A2:A50000,IFERROR(DATEVALUE(A2:A50000))),"yyyy-mm-dd")&"|"&C2:C50000)) | I2: =ARRAYFORMULA(IF(A2:A50000="",,D2:D50000&IF(E2:E50000="","",CHAR(10)&E2:E50000))) | J2: =ARRAYFORMULA(IF(A2:A50000="",,IF((REGEXMATCH(D2:D50000,"^\s*\d{1,2}(:\d\d)?\s*[aApP][mM]\s*-\s*\d{1,2}(:\d\d)?\s*[aApP][mM]")=FALSE)+(LOWER(E2:E50000)="absent"),0,IFERROR(MOD((MOD(VALUE(REGEXEXTRACT(D2:D50000,"-\s*(\d{1,2})")),12)+12*REGEXMATCH(D2:D50000,"-\s*\d{1,2}(:\d\d)?\s*[pP][mM]"))-(MOD(VALUE(REGEXEXTRACT(D2:D50000,"^\s*(\d{1,2})")),12)+12*REGEXMATCH(D2:D50000,"^\s*\d{1,2}(:\d\d)?\s*[pP][mM]")),24),0)))) | K2: =ARRAYFORMULA(IF(A2:A50000="",,TEXT(IF(ISNUMBER(A2:A50000),A2:A50000,IFERROR(DATEVALUE(A2:A50000)))-WEEKDAY(IF(ISNUMBER(A2:A50000),A2:A50000,IFERROR(DATEVALUE(A2:A50000))),3),"yyyy-mm-dd")))
A3: 2026-04-12 | B3: Sun | C3: ATL Richard | D3: OFF
A4: 2026-04-12 | B4: Sun | C4: Alyssa | D4: Cancelled Off | E4: Present
A5: 2026-04-12 | B5: Sun | C5: Harley | D5: 12am-8am | E5: Present
A6: 2026-04-12 | B6: Sun | C6: Patrick | D6: 8am-4pm | E6: Present
A7: 2026-04-13 | B7: Mon | C7: ATL Jezryl | D7: OFF
A8: 2026-04-13 | B8: Mon | C8: ATL Richard | D8: OFF
A9: 2026-04-13 | B9: Mon | C9: Alyssa | D9: 4pm-12am | E9: Present
A10: 2026-04-13 | B10: Mon | C10: Harley | D10: 12am-8am | E10: Present
A11: 2026-04-13 | B11: Mon | C11: Patrick | D11: 8am-4pm | E11: Present
A12: 2026-04-14 | B12: Tue | C12: ATL Jezryl | D12: 8am-4pm | E12: Present
A13: 2026-04-14 | B13: Tue | C13: ATL Richard | D13: 12am-8am | E13: Present
A14: 2026-04-14 | B14: Tue | C14: Alyssa | D14: 4pm-12am | E14: Present
A15: 2026-04-14 | B15: Tue | C15: Harley | D15: 10pm-4am | E15: Present
A16: 2026-04-14 | B16: Tue | C16: Patrick | D16: 8am-4pm | E16: Present
A17: 2026-04-15 | B17: Wed | C17: ATL Jezryl | D17: 8am-4pm | E17: Present
A18: 2026-04-15 | B18: Wed | C18: ATL Richard | D18: 12am-8am | E18: Present
A19: 2026-04-15 | B19: Wed | C19: Alyssa | D19: OFF
A20: 2026-04-15 | B20: Wed | C20: Harley | D20: OFF
A21: 2026-04-15 | B21: Wed | C21: Patrick | D21: 8am-4pm | E21: Present
A22: 2026-04-16 | B22: Thu | C22: ATL Jezryl | D22: 8am-4pm | E22: Present
A23: 2026-04-16 | B23: Thu | C23: ATL Richard | D23: 12am-8am | E23: Present
A24: 2026-04-16 | B24: Thu | C24: Alyssa | D24: 4pm-12am | E24: Present
A25: 2026-04-16 | B25: Thu | C25: Harley | D25: 12am-8am | E25: Present
A26: 2026-04-16 | B26: Thu | C26: Patrick | D26: OFF
A27: 2026-04-17 | B27: Fri | C27: ATL Jezryl | D27: 8am-4pm | E27: Present
A28: 2026-04-17 | B28: Fri | C28: ATL Richard | D28: 12am-8am | E28: Present
A29: 2026-04-17 | B29: Fri | C29: Alyssa | D29: 4pm-12am | E29: Present
A30: 2026-04-17 | B30: Fri | C30: Harley | D30: 12am-8am | E30: Present
A31: 2026-04-17 | B31: Fri | C31: Patrick | D31: 8am-4pm | E31: Present
A32: 2026-04-18 | B32: Sat | C32: ATL Jezryl | D32: 8am-4pm | E32: Present
A33: 2026-04-18 | B33: Sat | C33: ATL Richard | D33: 12am-8am | E33: Present
A34: 2026-04-18 | B34: Sat | C34: Alyssa | D34: 4pm-12am | E34: Present
A35: 2026-04-18 | B35: Sat | C35: Harley | D35: OFF
A36: 2026-04-18 | B36: Sat | C36: Patrick | D36: OFF
A37: 2026-04-19 | B37: Sun | C37: ATL Jezryl | D37: OFF
A38: 2026-04-19 | B38: Sun | C38: ATL John Manuel | D38: 12am-8am | E38: Present
A39: 2026-04-19 | B39: Sun | C39: ATL Kent | D39: OFF
A40: 2026-04-19 | B40: Sun | C40: Alyssa | D40: CANCELLED OFF | E40: Present
A41: 2026-04-19 | B41: Sun | C41: Harley | D41: 12am-8am | E41: Present
A42: 2026-04-19 | B42: Sun | C42: Patrick | D42: 8am-4pm | E42: Present
A43: 2026-04-20 | B43: Mon | C43: ATL Jezryl | D43: Cancelled OFF | E43: Present
A44: 2026-04-20 | B44: Mon | C44: ATL John Manuel | D44: OFF
A45: 2026-04-20 | B45: Mon | C45: ATL Kent | D45: OFF
A46: 2026-04-20 | B46: Mon | C46: Alyssa | D46: 4pm-12am | E46: Present
A47: 2026-04-20 | B47: Mon | C47: Harley | D47: 12am-8am | E47: Present
A48: 2026-04-20 | B48: Mon | C48: Patrick | D48: 8am-4pm | E48: Present
A49: 2026-04-21 | B49: Tue | C49: ATL Jezryl | D49: 8am-4pm | E49: Present
A50: 2026-04-21 | B50: Tue | C50: ATL John Manuel | D50: 12am-8am | E50: Present
A51: 2026-04-21 | B51: Tue | C51: ATL Kent | D51: 12am-8am | E51: Present
A52: 2026-04-21 | B52: Tue | C52: Alyssa | D52: 4pm-12am | E52: Present
A53: 2026-04-21 | B53: Tue | C53: Harley | D53: 10pm-4am | E53: Present
A54: 2026-04-21 | B54: Tue | C54: Patrick | D54: 8am-4pm | E54: Present
A55: 2026-04-22 | B55: Wed | C55: ATL Jezryl | D55: Cancelled shift | E55: Absent
A56: 2026-04-22 | B56: Wed | C56: ATL John Manuel | D56: 12am-8am
A57: 2026-04-22 | B57: Wed | C57: ATL Kent | D57: 12am-8am
A58: 2026-04-22 | B58: Wed | C58: Alyssa | D58: OFF
A59: 2026-04-22 | B59: Wed | C59: Harley | D59: OFF
A60: 2026-04-22 | B60: Wed | C60: Patrick | D60: 8am-4pm | E60: Present
A61: 2026-04-23 | B61: Thu | C61: ATL Jezryl | D61: 8am-4pm
A62: 2026-04-23 | B62: Thu | C62: ATL John Manuel | D62: 12am-8am
A63: 2026-04-23 | B63: Thu | C63: ATL Kent | D63: 12am-8am
A64: 2026-04-23 | B64: Thu | C64: Alyssa | D64: 4pm-12am | E64: Present
A65: 2026-04-23 | B65: Thu | C65: Harley | D65: 12am-8am | E65: Present
A66: 2026-04-23 | B66: Thu | C66: Patrick | D66: OFF
A67: 2026-04-24 | B67: Fri | C67: ATL Jezryl | D67: 8am-4pm
A68: 2026-04-24 | B68: Fri | C68: ATL John Manuel | D68: OFF
A69: 2026-04-24 | B69: Fri | C69: ATL Kent | D69: 12am-8am
A70: 2026-04-24 | B70: Fri | C70: Alyssa | D70: 4pm-12am | E70: Present
A71: 2026-04-24 | B71: Fri | C71: Harley | D71: 12am-8am | E71: Present
A72: 2026-04-24 | B72: Fri | C72: Patrick | D72: 8am-4pm | E72: Present
A73: 2026-04-25 | B73: Sat | C73: ATL Jezryl | D73: 8am-4pm
A74: 2026-04-25 | B74: Sat | C74: ATL John Manuel | D74: 12am-8am
A75: 2026-04-25 | B75: Sat | C75: ATL Kent | D75: 12am-8am
A76: 2026-04-25 | B76: Sat | C76: Alyssa | D76: 4pm-12am | E76: Present
A77: 2026-04-25 | B77: Sat | C77: Harley | D77: OFF
A78: 2026-04-25 | B78: Sat | C78: Patrick | D78: OFF
A79: 2026-04-26 | B79: Sun | C79: Alyssa | D79: OFF | E79: -
A80: 2026-04-26 | B80: Sun | C80: John Manuel | D80: 12am-8am | E80: Present
A81: 2026-04-26 | B81: Sun | C81: Micko Tanedo | D81: OFF | E81: -
A82: 2026-04-27 | B82: Mon | C82: Alyssa | D82: 4pm-12am | E82: Present
A83: 2026-04-27 | B83: Mon | C83: John Manuel | D83: 12am-8am | E83: Present
A84: 2026-04-27 | B84: Mon | C84: Micko Tanedo | D84: 8am-4pm | E84: Present
A85: 2026-04-28 | B85: Tue | C85: Alyssa | D85: 4pm-12am | E85: Present
A86: 2026-04-28 | B86: Tue | C86: John Manuel | D86: 10pm-4am | E86: Present
A87: 2026-04-28 | B87: Tue | C87: Micko Tanedo | D87: 8am-4pm | E87: Present
A88: 2026-04-29 | B88: Wed | C88: Alyssa | D88: OFF
A89: 2026-04-29 | B89: Wed | C89: John Manuel | D89: Cancelled OFF | E89: Present
A90: 2026-04-29 | B90: Wed | C90: Micko Tanedo | D90: 8am-4pm | E90: -
A91: 2026-04-30 | B91: Thu | C91: Alyssa | D91: 4pm-12am | E91: Present
A92: 2026-04-30 | B92: Thu | C92: John Manuel | D92: 12am-8am | E92: Present
A93: 2026-04-30 | B93: Thu | C93: Micko Tanedo | D93: OFF
A94: 2026-05-01 | B94: Fri | C94: Alyssa | D94: 4pm-12am | E94: Present
A95: 2026-05-01 | B95: Fri | C95: John Manuel | D95: 12am-8am | E95: Present
A96: 2026-05-01 | B96: Fri | C96: Micko Tanedo | D96: 8am-4pm
A97: 2026-05-02 | B97: Sat | C97: Alyssa | D97: 4pm-12am | E97: Present
A98: 2026-05-02 | B98: Sat | C98: John Manuel | D98: OFF
A99: 2026-05-02 | B99: Sat | C99: Micko Tanedo | D99: 8am-4pm
A100: 2026-05-03 | B100: Sun | C100: Alyssa | D100: OFF | E100: -
...

Sheet Payroll
A1: PAYROLL — 2-week pay period (auto: Schedule + TL hours + OT − Death Penalty, Incentives)
A2: Period (Mon): | B2: =TEXT(DATEVALUE($G$2)+14*FLOOR((TODAY()-DATEVALUE($G$2))/14),"yyyy-mm-dd") | C2: =TEXT(DATEVALUE($B$2)+7,"yyyy-mm-dd") | D2: =TEXT(DATEVALUE($B$2)+13,"yyyy-mm-dd") | F2: Anchor: | G2: 2026-09-07 | H2: ← B2 = pay period start (a Monday; default = current period). Pay period = 2 weeks, Mon–Sun. C2 = week 2 start, D2 = period end, G2 = anchor Monday of any pay period.
A3: Payable Hrs = Base(플레이어 시프트 + TL 근무) + OT − Death Penalty. Incentives = Incentives 탭 금액 합계 (매니저 입력).
A4: Staff | B4: Week 1 Hrs | C4: Week 2 Hrs | D4: Base Hrs | E4: OT Hrs | F4: Penalty Hrs | G4: Payable Hrs | H4: Incentives | I4: Shifts | J4: Characters
A5: Adrian Torres | B5: =IF($A5="","",SUMIFS(Schedule!$P:$P,Schedule!$G:$G,$A5,Schedule!$U:$U,$B$2)+SUMIFS('TL Schedule'!$J:$J,'TL Schedule'!$C:$C,$A5,'TL Schedule'!$K:$K,$B$2)) | C5: =IF($A5="","",SUMIFS(Schedule!$P:$P,Schedule!$G:$G,$A5,Schedule!$U:$U,$C$2)+SUMIFS('TL Schedule'!$J:$J,'TL Schedule'!$C:$C,$A5,'TL Schedule'!$K:$K,$C$2)) | D5: =IF($A5="","",B5+C5) | E5: =IF($A5="","",SUMIFS(Overtime!$H:$H,Overtime!$B:$B,$A5,Overtime!$N:$N,$B$2)+SUMIFS(Overtime!$H:$H,Overtime!$B:$B,$A5,Overtime!$N:$N,$C$2)) | F5: =IF($A5="","",SUMIFS('Death Penalty'!$E:$E,'Death Penalty'!$B:$B,$A5,'Death Penalty'!$L:$L,$B$2)+SUMIFS('Death Penalty'!$E:$E,'Death Penalty'!$B:$B,$A5,'Death Penalty'!$L:$L,$C$2)) | G5: =IF($A5="","",D5+E5-F5) | H5: =IF($A5="","",SUMIFS(Incentives!$H:$H,Incentives!$B:$B,$A5,Incentives!$N:$N,$B$2)+SUMIFS(Incentives!$H:$H,Incentives!$B:$B,$A5,Incentives!$N:$N,$C$2)) | I5: =IF($A5="","",COUNTIFS(Schedule!$G:$G,$A5,Schedule!$U:$U,$B$2,Schedule!$P:$P,">0")+COUNTIFS('TL Schedule'!$C:$C,$A5,'TL Schedule'!$K:$K,$B$2,'TL Schedule'!$J:$J,">0")+COUNTIFS(Schedule!$G:$G,$A5,Schedule!$U:$U,$C$2,Schedule!$P:$P,">0")+COUNTIFS('TL Schedule'!$C:$C,$A5,'TL Schedule'!$K:$K,$C$2,'TL Schedule'!$J:$J,">0")) | J5: =IF($A5="","",IFERROR(TEXTJOIN(", ",TRUE,UNIQUE(FILTER(Schedule!$D$2:$D50000,Schedule!$G$2:$G50000=$A5,Schedule!$P$2:$P50000>0,((Schedule!$U$2:$U50000=$B$2)+(Schedule!$U$2:$U50000=$C$2))))),""))
A6: Alyssa | B6: =IF($A6="","",SUMIFS(Schedule!$P:$P,Schedule!$G:$G,$A6,Schedule!$U:$U,$B$2)+SUMIFS('TL Schedule'!$J:$J,'TL Schedule'!$C:$C,$A6,'TL Schedule'!$K:$K,$B$2)) | C6: =IF($A6="","",SUMIFS(Schedule!$P:$P,Schedule!$G:$G,$A6,Schedule!$U:$U,$C$2)+SUMIFS('TL Schedule'!$J:$J,'TL Schedule'!$C:$C,$A6,'TL Schedule'!$K:$K,$C$2)) | D6: =IF($A6="","",B6+C6) | E6: =IF($A6="","",SUMIFS(Overtime!$H:$H,Overtime!$B:$B,$A6,Overtime!$N:$N,$B$2)+SUMIFS(Overtime!$H:$H,Overtime!$B:$B,$A6,Overtime!$N:$N,$C$2)) | F6: =IF($A6="","",SUMIFS('Death Penalty'!$E:$E,'Death Penalty'!$B:$B,$A6,'Death Penalty'!$L:$L,$B$2)+SUMIFS('Death Penalty'!$E:$E,'Death Penalty'!$B:$B,$A6,'Death Penalty'!$L:$L,$C$2)) | G6: =IF($A6="","",D6+E6-F6) | H6: =IF($A6="","",SUMIFS(Incentives!$H:$H,Incentives!$B:$B,$A6,Incentives!$N:$N,$B$2)+SUMIFS(Incentives!$H:$H,Incentives!$B:$B,$A6,Incentives!$N:$N,$C$2)) | I6: =IF($A6="","",COUNTIFS(Schedule!$G:$G,$A6,Schedule!$U:$U,$B$2,Schedule!$P:$P,">0")+COUNTIFS('TL Schedule'!$C:$C,$A6,'TL Schedule'!$K:$K,$B$2,'TL Schedule'!$J:$J,">0")+COUNTIFS(Schedule!$G:$G,$A6,Schedule!$U:$U,$C$2,Schedule!$P:$P,">0")+COUNTIFS('TL Schedule'!$C:$C,$A6,'TL Schedule'!$K:$K,$C$2,'TL Schedule'!$J:$J,">0")) | J6: =IF($A6="","",IFERROR(TEXTJOIN(", ",TRUE,UNIQUE(FILTER(Schedule!$D$2:$D50000,Schedule!$G$2:$G50000=$A6,Schedule!$P$2:$P50000>0,((Schedule!$U$2:$U50000=$B$2)+(Schedule!$U$2:$U50000=$C$2))))),""))
A7: Angelo Diocales | B7: =IF($A7="","",SUMIFS(Schedule!$P:$P,Schedule!$G:$G,$A7,Schedule!$U:$U,$B$2)+SUMIFS('TL Schedule'!$J:$J,'TL Schedule'!$C:$C,$A7,'TL Schedule'!$K:$K,$B$2)) | C7: =IF($A7="","",SUMIFS(Schedule!$P:$P,Schedule!$G:$G,$A7,Schedule!$U:$U,$C$2)+SUMIFS('TL Schedule'!$J:$J,'TL Schedule'!$C:$C,$A7,'TL Schedule'!$K:$K,$C$2)) | D7: =IF($A7="","",B7+C7) | E7: =IF($A7="","",SUMIFS(Overtime!$H:$H,Overtime!$B:$B,$A7,Overtime!$N:$N,$B$2)+SUMIFS(Overtime!$H:$H,Overtime!$B:$B,$A7,Overtime!$N:$N,$C$2)) | F7: =IF($A7="","",SUMIFS('Death Penalty'!$E:$E,'Death Penalty'!$B:$B,$A7,'Death Penalty'!$L:$L,$B$2)+SUMIFS('Death Penalty'!$E:$E,'Death Penalty'!$B:$B,$A7,'Death Penalty'!$L:$L,$C$2)) | G7: =IF($A7="","",D7+E7-F7) | H7: =IF($A7="","",SUMIFS(Incentives!$H:$H,Incentives!$B:$B,$A7,Incentives!$N:$N,$B$2)+SUMIFS(Incentives!$H:$H,Incentives!$B:$B,$A7,Incentives!$N:$N,$C$2)) | I7: =IF($A7="","",COUNTIFS(Schedule!$G:$G,$A7,Schedule!$U:$U,$B$2,Schedule!$P:$P,">0")+COUNTIFS('TL Schedule'!$C:$C,$A7,'TL Schedule'!$K:$K,$B$2,'TL Schedule'!$J:$J,">0")+COUNTIFS(Schedule!$G:$G,$A7,Schedule!$U:$U,$C$2,Schedule!$P:$P,">0")+COUNTIFS('TL Schedule'!$C:$C,$A7,'TL Schedule'!$K:$K,$C$2,'TL Schedule'!$J:$J,">0")) | J7: =IF($A7="","",IFERROR(TEXTJOIN(", ",TRUE,UNIQUE(FILTER(Schedule!$D$2:$D50000,Schedule!$G$2:$G50000=$A7,Schedule!$P$2:$P50000>0,((Schedule!$U$2:$U50000=$B$2)+(Schedule!$U$2:$U50000=$C$2))))),""))
A8: Cath Valdez | B8: =IF($A8="","",SUMIFS(Schedule!$P:$P,Schedule!$G:$G,$A8,Schedule!$U:$U,$B$2)+SUMIFS('TL Schedule'!$J:$J,'TL Schedule'!$C:$C,$A8,'TL Schedule'!$K:$K,$B$2)) | C8: =IF($A8="","",SUMIFS(Schedule!$P:$P,Schedule!$G:$G,$A8,Schedule!$U:$U,$C$2)+SUMIFS('TL Schedule'!$J:$J,'TL Schedule'!$C:$C,$A8,'TL Schedule'!$K:$K,$C$2)) | D8: =IF($A8="","",B8+C8) | E8: =IF($A8="","",SUMIFS(Overtime!$H:$H,Overtime!$B:$B,$A8,Overtime!$N:$N,$B$2)+SUMIFS(Overtime!$H:$H,Overtime!$B:$B,$A8,Overtime!$N:$N,$C$2)) | F8: =IF($A8="","",SUMIFS('Death Penalty'!$E:$E,'Death Penalty'!$B:$B,$A8,'Death Penalty'!$L:$L,$B$2)+SUMIFS('Death Penalty'!$E:$E,'Death Penalty'!$B:$B,$A8,'Death Penalty'!$L:$L,$C$2)) | G8: =IF($A8="","",D8+E8-F8) | H8: =IF($A8="","",SUMIFS(Incentives!$H:$H,Incentives!$B:$B,$A8,Incentives!$N:$N,$B$2)+SUMIFS(Incentives!$H:$H,Incentives!$B:$B,$A8,Incentives!$N:$N,$C$2)) | I8: =IF($A8="","",COUNTIFS(Schedule!$G:$G,$A8,Schedule!$U:$U,$B$2,Schedule!$P:$P,">0")+COUNTIFS('TL Schedule'!$C:$C,$A8,'TL Schedule'!$K:$K,$B$2,'TL Schedule'!$J:$J,">0")+COUNTIFS(Schedule!$G:$G,$A8,Schedule!$U:$U,$C$2,Schedule!$P:$P,">0")+COUNTIFS('TL Schedule'!$C:$C,$A8,'TL Schedule'!$K:$K,$C$2,'TL Schedule'!$J:$J,">0")) | J8: =IF($A8="","",IFERROR(TEXTJOIN(", ",TRUE,UNIQUE(FILTER(Schedule!$D$2:$D50000,Schedule!$G$2:$G50000=$A8,Schedule!$P$2:$P50000>0,((Schedule!$U$2:$U50000=$B$2)+(Schedule!$U$2:$U50000=$C$2))))),""))
A9: Cejay | B9: =IF($A9="","",SUMIFS(Schedule!$P:$P,Schedule!$G:$G,$A9,Schedule!$U:$U,$B$2)+SUMIFS('TL Schedule'!$J:$J,'TL Schedule'!$C:$C,$A9,'TL Schedule'!$K:$K,$B$2)) | C9: =IF($A9="","",SUMIFS(Schedule!$P:$P,Schedule!$G:$G,$A9,Schedule!$U:$U,$C$2)+SUMIFS('TL Schedule'!$J:$J,'TL Schedule'!$C:$C,$A9,'TL Schedule'!$K:$K,$C$2)) | D9: =IF($A9="","",B9+C9) | E9: =IF($A9="","",SUMIFS(Overtime!$H:$H,Overtime!$B:$B,$A9,Overtime!$N:$N,$B$2)+SUMIFS(Overtime!$H:$H,Overtime!$B:$B,$A9,Overtime!$N:$N,$C$2)) | F9: =IF($A9="","",SUMIFS('Death Penalty'!$E:$E,'Death Penalty'!$B:$B,$A9,'Death Penalty'!$L:$L,$B$2)+SUMIFS('Death Penalty'!$E:$E,'Death Penalty'!$B:$B,$A9,'Death Penalty'!$L:$L,$C$2)) | G9: =IF($A9="","",D9+E9-F9) | H9: =IF($A9="","",SUMIFS(Incentives!$H:$H,Incentives!$B:$B,$A9,Incentives!$N:$N,$B$2)+SUMIFS(Incentives!$H:$H,Incentives!$B:$B,$A9,Incentives!$N:$N,$C$2)) | I9: =IF($A9="","",COUNTIFS(Schedule!$G:$G,$A9,Schedule!$U:$U,$B$2,Schedule!$P:$P,">0")+COUNTIFS('TL Schedule'!$C:$C,$A9,'TL Schedule'!$K:$K,$B$2,'TL Schedule'!$J:$J,">0")+COUNTIFS(Schedule!$G:$G,$A9,Schedule!$U:$U,$C$2,Schedule!$P:$P,">0")+COUNTIFS('TL Schedule'!$C:$C,$A9,'TL Schedule'!$K:$K,$C$2,'TL Schedule'!$J:$J,">0")) | J9: =IF($A9="","",IFERROR(TEXTJOIN(", ",TRUE,UNIQUE(FILTER(Schedule!$D$2:$D50000,Schedule!$G$2:$G50000=$A9,Schedule!$P$2:$P50000>0,((Schedule!$U$2:$U50000=$B$2)+(Schedule!$U$2:$U50000=$C$2))))),""))
A10: Charles Bernades | B10: =IF($A10="","",SUMIFS(Schedule!$P:$P,Schedule!$G:$G,$A10,Schedule!$U:$U,$B$2)+SUMIFS('TL Schedule'!$J:$J,'TL Schedule'!$C:$C,$A10,'TL Schedule'!$K:$K,$B$2)) | C10: =IF($A10="","",SUMIFS(Schedule!$P:$P,Schedule!$G:$G,$A10,Schedule!$U:$U,$C$2)+SUMIFS('TL Schedule'!$J:$J,'TL Schedule'!$C:$C,$A10,'TL Schedule'!$K:$K,$C$2)) | D10: =IF($A10="","",B10+C10) | E10: =IF($A10="","",SUMIFS(Overtime!$H:$H,Overtime!$B:$B,$A10,Overtime!$N:$N,$B$2)+SUMIFS(Overtime!$H:$H,Overtime!$B:$B,$A10,Overtime!$N:$N,$C$2)) | F10: =IF($A10="","",SUMIFS('Death Penalty'!$E:$E,'Death Penalty'!$B:$B,$A10,'Death Penalty'!$L:$L,$B$2)+SUMIFS('Death Penalty'!$E:$E,'Death Penalty'!$B:$B,$A10,'Death Penalty'!$L:$L,$C$2)) | G10: =IF($A10="","",D10+E10-F10) | H10: =IF($A10="","",SUMIFS(Incentives!$H:$H,Incentives!$B:$B,$A10,Incentives!$N:$N,$B$2)+SUMIFS(Incentives!$H:$H,Incentives!$B:$B,$A10,Incentives!$N:$N,$C$2)) | I10: =IF($A10="","",COUNTIFS(Schedule!$G:$G,$A10,Schedule!$U:$U,$B$2,Schedule!$P:$P,">0")+COUNTIFS('TL Schedule'!$C:$C,$A10,'TL Schedule'!$K:$K,$B$2,'TL Schedule'!$J:$J,">0")+COUNTIFS(Schedule!$G:$G,$A10,Schedule!$U:$U,$C$2,Schedule!$P:$P,">0")+COUNTIFS('TL Schedule'!$C:$C,$A10,'TL Schedule'!$K:$K,$C$2,'TL Schedule'!$J:$J,">0")) | J10: =IF($A10="","",IFERROR(TEXTJOIN(", ",TRUE,UNIQUE(FILTER(Schedule!$D$2:$D50000,Schedule!$G$2:$G50000=$A10,Schedule!$P$2:$P50000>0,((Schedule!$U$2:$U50000=$B$2)+(Schedule!$U$2:$U50000=$C$2))))),""))
A11: Chester | B11: =IF($A11="","",SUMIFS(Schedule!$P:$P,Schedule!$G:$G,$A11,Schedule!$U:$U,$B$2)+SUMIFS('TL Schedule'!$J:$J,'TL Schedule'!$C:$C,$A11,'TL Schedule'!$K:$K,$B$2)) | C11: =IF($A11="","",SUMIFS(Schedule!$P:$P,Schedule!$G:$G,$A11,Schedule!$U:$U,$C$2)+SUMIFS('TL Schedule'!$J:$J,'TL Schedule'!$C:$C,$A11,'TL Schedule'!$K:$K,$C$2)) | D11: =IF($A11="","",B11+C11) | E11: =IF($A11="","",SUMIFS(Overtime!$H:$H,Overtime!$B:$B,$A11,Overtime!$N:$N,$B$2)+SUMIFS(Overtime!$H:$H,Overtime!$B:$B,$A11,Overtime!$N:$N,$C$2)) | F11: =IF($A11="","",SUMIFS('Death Penalty'!$E:$E,'Death Penalty'!$B:$B,$A11,'Death Penalty'!$L:$L,$B$2)+SUMIFS('Death Penalty'!$E:$E,'Death Penalty'!$B:$B,$A11,'Death Penalty'!$L:$L,$C$2)) | G11: =IF($A11="","",D11+E11-F11) | H11: =IF($A11="","",SUMIFS(Incentives!$H:$H,Incentives!$B:$B,$A11,Incentives!$N:$N,$B$2)+SUMIFS(Incentives!$H:$H,Incentives!$B:$B,$A11,Incentives!$N:$N,$C$2)) | I11: =IF($A11="","",COUNTIFS(Schedule!$G:$G,$A11,Schedule!$U:$U,$B$2,Schedule!$P:$P,">0")+COUNTIFS('TL Schedule'!$C:$C,$A11,'TL Schedule'!$K:$K,$B$2,'TL Schedule'!$J:$J,">0")+COUNTIFS(Schedule!$G:$G,$A11,Schedule!$U:$U,$C$2,Schedule!$P:$P,">0")+COUNTIFS('TL Schedule'!$C:$C,$A11,'TL Schedule'!$K:$K,$C$2,'TL Schedule'!$J:$J,">0")) | J11: =IF($A11="","",IFERROR(TEXTJOIN(", ",TRUE,UNIQUE(FILTER(Schedule!$D$2:$D50000,Schedule!$G$2:$G50000=$A11,Schedule!$P$2:$P50000>0,((Schedule!$U$2:$U50000=$B$2)+(Schedule!$U$2:$U50000=$C$2))))),""))
A12: Christelle | B12: =IF($A12="","",SUMIFS(Schedule!$P:$P,Schedule!$G:$G,$A12,Schedule!$U:$U,$B$2)+SUMIFS('TL Schedule'!$J:$J,'TL Schedule'!$C:$C,$A12,'TL Schedule'!$K:$K,$B$2)) | C12: =IF($A12="","",SUMIFS(Schedule!$P:$P,Schedule!$G:$G,$A12,Schedule!$U:$U,$C$2)+SUMIFS('TL Schedule'!$J:$J,'TL Schedule'!$C:$C,$A12,'TL Schedule'!$K:$K,$C$2)) | D12: =IF($A12="","",B12+C12) | E12: =IF($A12="","",SUMIFS(Overtime!$H:$H,Overtime!$B:$B,$A12,Overtime!$N:$N,$B$2)+SUMIFS(Overtime!$H:$H,Overtime!$B:$B,$A12,Overtime!$N:$N,$C$2)) | F12: =IF($A12="","",SUMIFS('Death Penalty'!$E:$E,'Death Penalty'!$B:$B,$A12,'Death Penalty'!$L:$L,$B$2)+SUMIFS('Death Penalty'!$E:$E,'Death Penalty'!$B:$B,$A12,'Death Penalty'!$L:$L,$C$2)) | G12: =IF($A12="","",D12+E12-F12) | H12: =IF($A12="","",SUMIFS(Incentives!$H:$H,Incentives!$B:$B,$A12,Incentives!$N:$N,$B$2)+SUMIFS(Incentives!$H:$H,Incentives!$B:$B,$A12,Incentives!$N:$N,$C$2)) | I12: =IF($A12="","",COUNTIFS(Schedule!$G:$G,$A12,Schedule!$U:$U,$B$2,Schedule!$P:$P,">0")+COUNTIFS('TL Schedule'!$C:$C,$A12,'TL Schedule'!$K:$K,$B$2,'TL Schedule'!$J:$J,">0")+COUNTIFS(Schedule!$G:$G,$A12,Schedule!$U:$U,$C$2,Schedule!$P:$P,">0")+COUNTIFS('TL Schedule'!$C:$C,$A12,'TL Schedule'!$K:$K,$C$2,'TL Schedule'!$J:$J,">0")) | J12: =IF($A12="","",IFERROR(TEXTJOIN(", ",TRUE,UNIQUE(FILTER(Schedule!$D$2:$D50000,Schedule!$G$2:$G50000=$A12,Schedule!$P$2:$P50000>0,((Schedule!$U$2:$U50000=$B$2)+(Schedule!$U$2:$U50000=$C$2))))),""))
A13: David Ayag | B13: =IF($A13="","",SUMIFS(Schedule!$P:$P,Schedule!$G:$G,$A13,Schedule!$U:$U,$B$2)+SUMIFS('TL Schedule'!$J:$J,'TL Schedule'!$C:$C,$A13,'TL Schedule'!$K:$K,$B$2)) | C13: =IF($A13="","",SUMIFS(Schedule!$P:$P,Schedule!$G:$G,$A13,Schedule!$U:$U,$C$2)+SUMIFS('TL Schedule'!$J:$J,'TL Schedule'!$C:$C,$A13,'TL Schedule'!$K:$K,$C$2)) | D13: =IF($A13="","",B13+C13) | E13: =IF($A13="","",SUMIFS(Overtime!$H:$H,Overtime!$B:$B,$A13,Overtime!$N:$N,$B$2)+SUMIFS(Overtime!$H:$H,Overtime!$B:$B,$A13,Overtime!$N:$N,$C$2)) | F13: =IF($A13="","",SUMIFS('Death Penalty'!$E:$E,'Death Penalty'!$B:$B,$A13,'Death Penalty'!$L:$L,$B$2)+SUMIFS('Death Penalty'!$E:$E,'Death Penalty'!$B:$B,$A13,'Death Penalty'!$L:$L,$C$2)) | G13: =IF($A13="","",D13+E13-F13) | H13: =IF($A13="","",SUMIFS(Incentives!$H:$H,Incentives!$B:$B,$A13,Incentives!$N:$N,$B$2)+SUMIFS(Incentives!$H:$H,Incentives!$B:$B,$A13,Incentives!$N:$N,$C$2)) | I13: =IF($A13="","",COUNTIFS(Schedule!$G:$G,$A13,Schedule!$U:$U,$B$2,Schedule!$P:$P,">0")+COUNTIFS('TL Schedule'!$C:$C,$A13,'TL Schedule'!$K:$K,$B$2,'TL Schedule'!$J:$J,">0")+COUNTIFS(Schedule!$G:$G,$A13,Schedule!$U:$U,$C$2,Schedule!$P:$P,">0")+COUNTIFS('TL Schedule'!$C:$C,$A13,'TL Schedule'!$K:$K,$C$2,'TL Schedule'!$J:$J,">0")) | J13: =IF($A13="","",IFERROR(TEXTJOIN(", ",TRUE,UNIQUE(FILTER(Schedule!$D$2:$D50000,Schedule!$G$2:$G50000=$A13,Schedule!$P$2:$P50000>0,((Schedule!$U$2:$U50000=$B$2)+(Schedule!$U$2:$U50000=$C$2))))),""))
A14: Ehder Lhen | B14: =IF($A14="","",SUMIFS(Schedule!$P:$P,Schedule!$G:$G,$A14,Schedule!$U:$U,$B$2)+SUMIFS('TL Schedule'!$J:$J,'TL Schedule'!$C:$C,$A14,'TL Schedule'!$K:$K,$B$2)) | C14: =IF($A14="","",SUMIFS(Schedule!$P:$P,Schedule!$G:$G,$A14,Schedule!$U:$U,$C$2)+SUMIFS('TL Schedule'!$J:$J,'TL Schedule'!$C:$C,$A14,'TL Schedule'!$K:$K,$C$2)) | D14: =IF($A14="","",B14+C14) | E14: =IF($A14="","",SUMIFS(Overtime!$H:$H,Overtime!$B:$B,$A14,Overtime!$N:$N,$B$2)+SUMIFS(Overtime!$H:$H,Overtime!$B:$B,$A14,Overtime!$N:$N,$C$2)) | F14: =IF($A14="","",SUMIFS('Death Penalty'!$E:$E,'Death Penalty'!$B:$B,$A14,'Death Penalty'!$L:$L,$B$2)+SUMIFS('Death Penalty'!$E:$E,'Death Penalty'!$B:$B,$A14,'Death Penalty'!$L:$L,$C$2)) | G14: =IF($A14="","",D14+E14-F14) | H14: =IF($A14="","",SUMIFS(Incentives!$H:$H,Incentives!$B:$B,$A14,Incentives!$N:$N,$B$2)+SUMIFS(Incentives!$H:$H,Incentives!$B:$B,$A14,Incentives!$N:$N,$C$2)) | I14: =IF($A14="","",COUNTIFS(Schedule!$G:$G,$A14,Schedule!$U:$U,$B$2,Schedule!$P:$P,">0")+COUNTIFS('TL Schedule'!$C:$C,$A14,'TL Schedule'!$K:$K,$B$2,'TL Schedule'!$J:$J,">0")+COUNTIFS(Schedule!$G:$G,$A14,Schedule!$U:$U,$C$2,Schedule!$P:$P,">0")+COUNTIFS('TL Schedule'!$C:$C,$A14,'TL Schedule'!$K:$K,$C$2,'TL Schedule'!$J:$J,">0")) | J14: =IF($A14="","",IFERROR(TEXTJOIN(", ",TRUE,UNIQUE(FILTER(Schedule!$D$2:$D50000,Schedule!$G$2:$G50000=$A14,Schedule!$P$2:$P50000>0,((Schedule!$U$2:$U50000=$B$2)+(Schedule!$U$2:$U50000=$C$2))))),""))
A15: Isiah | B15: =IF($A15="","",SUMIFS(Schedule!$P:$P,Schedule!$G:$G,$A15,Schedule!$U:$U,$B$2)+SUMIFS('TL Schedule'!$J:$J,'TL Schedule'!$C:$C,$A15,'TL Schedule'!$K:$K,$B$2)) | C15: =IF($A15="","",SUMIFS(Schedule!$P:$P,Schedule!$G:$G,$A15,Schedule!$U:$U,$C$2)+SUMIFS('TL Schedule'!$J:$J,'TL Schedule'!$C:$C,$A15,'TL Schedule'!$K:$K,$C$2)) | D15: =IF($A15="","",B15+C15) | E15: =IF($A15="","",SUMIFS(Overtime!$H:$H,Overtime!$B:$B,$A15,Overtime!$N:$N,$B$2)+SUMIFS(Overtime!$H:$H,Overtime!$B:$B,$A15,Overtime!$N:$N,$C$2)) | F15: =IF($A15="","",SUMIFS('Death Penalty'!$E:$E,'Death Penalty'!$B:$B,$A15,'Death Penalty'!$L:$L,$B$2)+SUMIFS('Death Penalty'!$E:$E,'Death Penalty'!$B:$B,$A15,'Death Penalty'!$L:$L,$C$2)) | G15: =IF($A15="","",D15+E15-F15) | H15: =IF($A15="","",SUMIFS(Incentives!$H:$H,Incentives!$B:$B,$A15,Incentives!$N:$N,$B$2)+SUMIFS(Incentives!$H:$H,Incentives!$B:$B,$A15,Incentives!$N:$N,$C$2)) | I15: =IF($A15="","",COUNTIFS(Schedule!$G:$G,$A15,Schedule!$U:$U,$B$2,Schedule!$P:$P,">0")+COUNTIFS('TL Schedule'!$C:$C,$A15,'TL Schedule'!$K:$K,$B$2,'TL Schedule'!$J:$J,">0")+COUNTIFS(Schedule!$G:$G,$A15,Schedule!$U:$U,$C$2,Schedule!$P:$P,">0")+COUNTIFS('TL Schedule'!$C:$C,$A15,'TL Schedule'!$K:$K,$C$2,'TL Schedule'!$J:$J,">0")) | J15: =IF($A15="","",IFERROR(TEXTJOIN(", ",TRUE,UNIQUE(FILTER(Schedule!$D$2:$D50000,Schedule!$G$2:$G50000=$A15,Schedule!$P$2:$P50000>0,((Schedule!$U$2:$U50000=$B$2)+(Schedule!$U$2:$U50000=$C$2))))),""))
A16: JM Racca | B16: =IF($A16="","",SUMIFS(Schedule!$P:$P,Schedule!$G:$G,$A16,Schedule!$U:$U,$B$2)+SUMIFS('TL Schedule'!$J:$J,'TL Schedule'!$C:$C,$A16,'TL Schedule'!$K:$K,$B$2)) | C16: =IF($A16="","",SUMIFS(Schedule!$P:$P,Schedule!$G:$G,$A16,Schedule!$U:$U,$C$2)+SUMIFS('TL Schedule'!$J:$J,'TL Schedule'!$C:$C,$A16,'TL Schedule'!$K:$K,$C$2)) | D16: =IF($A16="","",B16+C16) | E16: =IF($A16="","",SUMIFS(Overtime!$H:$H,Overtime!$B:$B,$A16,Overtime!$N:$N,$B$2)+SUMIFS(Overtime!$H:$H,Overtime!$B:$B,$A16,Overtime!$N:$N,$C$2)) | F16: =IF($A16="","",SUMIFS('Death Penalty'!$E:$E,'Death Penalty'!$B:$B,$A16,'Death Penalty'!$L:$L,$B$2)+SUMIFS('Death Penalty'!$E:$E,'Death Penalty'!$B:$B,$A16,'Death Penalty'!$L:$L,$C$2)) | G16: =IF($A16="","",D16+E16-F16) | H16: =IF($A16="","",SUMIFS(Incentives!$H:$H,Incentives!$B:$B,$A16,Incentives!$N:$N,$B$2)+SUMIFS(Incentives!$H:$H,Incentives!$B:$B,$A16,Incentives!$N:$N,$C$2)) | I16: =IF($A16="","",COUNTIFS(Schedule!$G:$G,$A16,Schedule!$U:$U,$B$2,Schedule!$P:$P,">0")+COUNTIFS('TL Schedule'!$C:$C,$A16,'TL Schedule'!$K:$K,$B$2,'TL Schedule'!$J:$J,">0")+COUNTIFS(Schedule!$G:$G,$A16,Schedule!$U:$U,$C$2,Schedule!$P:$P,">0")+COUNTIFS('TL Schedule'!$C:$C,$A16,'TL Schedule'!$K:$K,$C$2,'TL Schedule'!$J:$J,">0")) | J16: =IF($A16="","",IFERROR(TEXTJOIN(", ",TRUE,UNIQUE(FILTER(Schedule!$D$2:$D50000,Schedule!$G$2:$G50000=$A16,Schedule!$P$2:$P50000>0,((Schedule!$U$2:$U50000=$B$2)+(Schedule!$U$2:$U50000=$C$2))))),""))
A17: Jan Nino | B17: =IF($A17="","",SUMIFS(Schedule!$P:$P,Schedule!$G:$G,$A17,Schedule!$U:$U,$B$2)+SUMIFS('TL Schedule'!$J:$J,'TL Schedule'!$C:$C,$A17,'TL Schedule'!$K:$K,$B$2)) | C17: =IF($A17="","",SUMIFS(Schedule!$P:$P,Schedule!$G:$G,$A17,Schedule!$U:$U,$C$2)+SUMIFS('TL Schedule'!$J:$J,'TL Schedule'!$C:$C,$A17,'TL Schedule'!$K:$K,$C$2)) | D17: =IF($A17="","",B17+C17) | E17: =IF($A17="","",SUMIFS(Overtime!$H:$H,Overtime!$B:$B,$A17,Overtime!$N:$N,$B$2)+SUMIFS(Overtime!$H:$H,Overtime!$B:$B,$A17,Overtime!$N:$N,$C$2)) | F17: =IF($A17="","",SUMIFS('Death Penalty'!$E:$E,'Death Penalty'!$B:$B,$A17,'Death Penalty'!$L:$L,$B$2)+SUMIFS('Death Penalty'!$E:$E,'Death Penalty'!$B:$B,$A17,'Death Penalty'!$L:$L,$C$2)) | G17: =IF($A17="","",D17+E17-F17) | H17: =IF($A17="","",SUMIFS(Incentives!$H:$H,Incentives!$B:$B,$A17,Incentives!$N:$N,$B$2)+SUMIFS(Incentives!$H:$H,Incentives!$B:$B,$A17,Incentives!$N:$N,$C$2)) | I17: =IF($A17="","",COUNTIFS(Schedule!$G:$G,$A17,Schedule!$U:$U,$B$2,Schedule!$P:$P,">0")+COUNTIFS('TL Schedule'!$C:$C,$A17,'TL Schedule'!$K:$K,$B$2,'TL Schedule'!$J:$J,">0")+COUNTIFS(Schedule!$G:$G,$A17,Schedule!$U:$U,$C$2,Schedule!$P:$P,">0")+COUNTIFS('TL Schedule'!$C:$C,$A17,'TL Schedule'!$K:$K,$C$2,'TL Schedule'!$J:$J,">0")) | J17: =IF($A17="","",IFERROR(TEXTJOIN(", ",TRUE,UNIQUE(FILTER(Schedule!$D$2:$D50000,Schedule!$G$2:$G50000=$A17,Schedule!$P$2:$P50000>0,((Schedule!$U$2:$U50000=$B$2)+(Schedule!$U$2:$U50000=$C$2))))),""))
A18: Jay Penilla | B18: =IF($A18="","",SUMIFS(Schedule!$P:$P,Schedule!$G:$G,$A18,Schedule!$U:$U,$B$2)+SUMIFS('TL Schedule'!$J:$J,'TL Schedule'!$C:$C,$A18,'TL Schedule'!$K:$K,$B$2)) | C18: =IF($A18="","",SUMIFS(Schedule!$P:$P,Schedule!$G:$G,$A18,Schedule!$U:$U,$C$2)+SUMIFS('TL Schedule'!$J:$J,'TL Schedule'!$C:$C,$A18,'TL Schedule'!$K:$K,$C$2)) | D18: =IF($A18="","",B18+C18) | E18: =IF($A18="","",SUMIFS(Overtime!$H:$H,Overtime!$B:$B,$A18,Overtime!$N:$N,$B$2)+SUMIFS(Overtime!$H:$H,Overtime!$B:$B,$A18,Overtime!$N:$N,$C$2)) | F18: =IF($A18="","",SUMIFS('Death Penalty'!$E:$E,'Death Penalty'!$B:$B,$A18,'Death Penalty'!$L:$L,$B$2)+SUMIFS('Death Penalty'!$E:$E,'Death Penalty'!$B:$B,$A18,'Death Penalty'!$L:$L,$C$2)) | G18: =IF($A18="","",D18+E18-F18) | H18: =IF($A18="","",SUMIFS(Incentives!$H:$H,Incentives!$B:$B,$A18,Incentives!$N:$N,$B$2)+SUMIFS(Incentives!$H:$H,Incentives!$B:$B,$A18,Incentives!$N:$N,$C$2)) | I18: =IF($A18="","",COUNTIFS(Schedule!$G:$G,$A18,Schedule!$U:$U,$B$2,Schedule!$P:$P,">0")+COUNTIFS('TL Schedule'!$C:$C,$A18,'TL Schedule'!$K:$K,$B$2,'TL Schedule'!$J:$J,">0")+COUNTIFS(Schedule!$G:$G,$A18,Schedule!$U:$U,$C$2,Schedule!$P:$P,">0")+COUNTIFS('TL Schedule'!$C:$C,$A18,'TL Schedule'!$K:$K,$C$2,'TL Schedule'!$J:$J,">0")) | J18: =IF($A18="","",IFERROR(TEXTJOIN(", ",TRUE,UNIQUE(FILTER(Schedule!$D$2:$D50000,Schedule!$G$2:$G50000=$A18,Schedule!$P$2:$P50000>0,((Schedule!$U$2:$U50000=$B$2)+(Schedule!$U$2:$U50000=$C$2))))),""))
A19: Jefferson | B19: =IF($A19="","",SUMIFS(Schedule!$P:$P,Schedule!$G:$G,$A19,Schedule!$U:$U,$B$2)+SUMIFS('TL Schedule'!$J:$J,'TL Schedule'!$C:$C,$A19,'TL Schedule'!$K:$K,$B$2)) | C19: =IF($A19="","",SUMIFS(Schedule!$P:$P,Schedule!$G:$G,$A19,Schedule!$U:$U,$C$2)+SUMIFS('TL Schedule'!$J:$J,'TL Schedule'!$C:$C,$A19,'TL Schedule'!$K:$K,$C$2)) | D19: =IF($A19="","",B19+C19) | E19: =IF($A19="","",SUMIFS(Overtime!$H:$H,Overtime!$B:$B,$A19,Overtime!$N:$N,$B$2)+SUMIFS(Overtime!$H:$H,Overtime!$B:$B,$A19,Overtime!$N:$N,$C$2)) | F19: =IF($A19="","",SUMIFS('Death Penalty'!$E:$E,'Death Penalty'!$B:$B,$A19,'Death Penalty'!$L:$L,$B$2)+SUMIFS('Death Penalty'!$E:$E,'Death Penalty'!$B:$B,$A19,'Death Penalty'!$L:$L,$C$2)) | G19: =IF($A19="","",D19+E19-F19) | H19: =IF($A19="","",SUMIFS(Incentives!$H:$H,Incentives!$B:$B,$A19,Incentives!$N:$N,$B$2)+SUMIFS(Incentives!$H:$H,Incentives!$B:$B,$A19,Incentives!$N:$N,$C$2)) | I19: =IF($A19="","",COUNTIFS(Schedule!$G:$G,$A19,Schedule!$U:$U,$B$2,Schedule!$P:$P,">0")+COUNTIFS('TL Schedule'!$C:$C,$A19,'TL Schedule'!$K:$K,$B$2,'TL Schedule'!$J:$J,">0")+COUNTIFS(Schedule!$G:$G,$A19,Schedule!$U:$U,$C$2,Schedule!$P:$P,">0")+COUNTIFS('TL Schedule'!$C:$C,$A19,'TL Schedule'!$K:$K,$C$2,'TL Schedule'!$J:$J,">0")) | J19: =IF($A19="","",IFERROR(TEXTJOIN(", ",TRUE,UNIQUE(FILTER(Schedule!$D$2:$D50000,Schedule!$G$2:$G50000=$A19,Schedule!$P$2:$P50000>0,((Schedule!$U$2:$U50000=$B$2)+(Schedule!$U$2:$U50000=$C$2))))),""))
A20: Jel Rick | B20: =IF($A20="","",SUMIFS(Schedule!$P:$P,Schedule!$G:$G,$A20,Schedule!$U:$U,$B$2)+SUMIFS('TL Schedule'!$J:$J,'TL Schedule'!$C:$C,$A20,'TL Schedule'!$K:$K,$B$2)) | C20: =IF($A20="","",SUMIFS(Schedule!$P:$P,Schedule!$G:$G,$A20,Schedule!$U:$U,$C$2)+SUMIFS('TL Schedule'!$J:$J,'TL Schedule'!$C:$C,$A20,'TL Schedule'!$K:$K,$C$2)) | D20: =IF($A20="","",B20+C20) | E20: =IF($A20="","",SUMIFS(Overtime!$H:$H,Overtime!$B:$B,$A20,Overtime!$N:$N,$B$2)+SUMIFS(Overtime!$H:$H,Overtime!$B:$B,$A20,Overtime!$N:$N,$C$2)) | F20: =IF($A20="","",SUMIFS('Death Penalty'!$E:$E,'Death Penalty'!$B:$B,$A20,'Death Penalty'!$L:$L,$B$2)+SUMIFS('Death Penalty'!$E:$E,'Death Penalty'!$B:$B,$A20,'Death Penalty'!$L:$L,$C$2)) | G20: =IF($A20="","",D20+E20-F20) | H20: =IF($A20="","",SUMIFS(Incentives!$H:$H,Incentives!$B:$B,$A20,Incentives!$N:$N,$B$2)+SUMIFS(Incentives!$H:$H,Incentives!$B:$B,$A20,Incentives!$N:$N,$C$2)) | I20: =IF($A20="","",COUNTIFS(Schedule!$G:$G,$A20,Schedule!$U:$U,$B$2,Schedule!$P:$P,">0")+COUNTIFS('TL Schedule'!$C:$C,$A20,'TL Schedule'!$K:$K,$B$2,'TL Schedule'!$J:$J,">0")+COUNTIFS(Schedule!$G:$G,$A20,Schedule!$U:$U,$C$2,Schedule!$P:$P,">0")+COUNTIFS('TL Schedule'!$C:$C,$A20,'TL Schedule'!$K:$K,$C$2,'TL Schedule'!$J:$J,">0")) | J20: =IF($A20="","",IFERROR(TEXTJOIN(", ",TRUE,UNIQUE(FILTER(Schedule!$D$2:$D50000,Schedule!$G$2:$G50000=$A20,Schedule!$P$2:$P50000>0,((Schedule!$U$2:$U50000=$B$2)+(Schedule!$U$2:$U50000=$C$2))))),""))
A21: Jheco | B21: =IF($A21="","",SUMIFS(Schedule!$P:$P,Schedule!$G:$G,$A21,Schedule!$U:$U,$B$2)+SUMIFS('TL Schedule'!$J:$J,'TL Schedule'!$C:$C,$A21,'TL Schedule'!$K:$K,$B$2)) | C21: =IF($A21="","",SUMIFS(Schedule!$P:$P,Schedule!$G:$G,$A21,Schedule!$U:$U,$C$2)+SUMIFS('TL Schedule'!$J:$J,'TL Schedule'!$C:$C,$A21,'TL Schedule'!$K:$K,$C$2)) | D21: =IF($A21="","",B21+C21) | E21: =IF($A21="","",SUMIFS(Overtime!$H:$H,Overtime!$B:$B,$A21,Overtime!$N:$N,$B$2)+SUMIFS(Overtime!$H:$H,Overtime!$B:$B,$A21,Overtime!$N:$N,$C$2)) | F21: =IF($A21="","",SUMIFS('Death Penalty'!$E:$E,'Death Penalty'!$B:$B,$A21,'Death Penalty'!$L:$L,$B$2)+SUMIFS('Death Penalty'!$E:$E,'Death Penalty'!$B:$B,$A21,'Death Penalty'!$L:$L,$C$2)) | G21: =IF($A21="","",D21+E21-F21) | H21: =IF($A21="","",SUMIFS(Incentives!$H:$H,Incentives!$B:$B,$A21,Incentives!$N:$N,$B$2)+SUMIFS(Incentives!$H:$H,Incentives!$B:$B,$A21,Incentives!$N:$N,$C$2)) | I21: =IF($A21="","",COUNTIFS(Schedule!$G:$G,$A21,Schedule!$U:$U,$B$2,Schedule!$P:$P,">0")+COUNTIFS('TL Schedule'!$C:$C,$A21,'TL Schedule'!$K:$K,$B$2,'TL Schedule'!$J:$J,">0")+COUNTIFS(Schedule!$G:$G,$A21,Schedule!$U:$U,$C$2,Schedule!$P:$P,">0")+COUNTIFS('TL Schedule'!$C:$C,$A21,'TL Schedule'!$K:$K,$C$2,'TL Schedule'!$J:$J,">0")) | J21: =IF($A21="","",IFERROR(TEXTJOIN(", ",TRUE,UNIQUE(FILTER(Schedule!$D$2:$D50000,Schedule!$G$2:$G50000=$A21,Schedule!$P$2:$P50000>0,((Schedule!$U$2:$U50000=$B$2)+(Schedule!$U$2:$U50000=$C$2))))),""))
A22: John Carlo | B22: =IF($A22="","",SUMIFS(Schedule!$P:$P,Schedule!$G:$G,$A22,Schedule!$U:$U,$B$2)+SUMIFS('TL Schedule'!$J:$J,'TL Schedule'!$C:$C,$A22,'TL Schedule'!$K:$K,$B$2)) | C22: =IF($A22="","",SUMIFS(Schedule!$P:$P,Schedule!$G:$G,$A22,Schedule!$U:$U,$C$2)+SUMIFS('TL Schedule'!$J:$J,'TL Schedule'!$C:$C,$A22,'TL Schedule'!$K:$K,$C$2)) | D22: =IF($A22="","",B22+C22) | E22: =IF($A22="","",SUMIFS(Overtime!$H:$H,Overtime!$B:$B,$A22,Overtime!$N:$N,$B$2)+SUMIFS(Overtime!$H:$H,Overtime!$B:$B,$A22,Overtime!$N:$N,$C$2)) | F22: =IF($A22="","",SUMIFS('Death Penalty'!$E:$E,'Death Penalty'!$B:$B,$A22,'Death Penalty'!$L:$L,$B$2)+SUMIFS('Death Penalty'!$E:$E,'Death Penalty'!$B:$B,$A22,'Death Penalty'!$L:$L,$C$2)) | G22: =IF($A22="","",D22+E22-F22) | H22: =IF($A22="","",SUMIFS(Incentives!$H:$H,Incentives!$B:$B,$A22,Incentives!$N:$N,$B$2)+SUMIFS(Incentives!$H:$H,Incentives!$B:$B,$A22,Incentives!$N:$N,$C$2)) | I22: =IF($A22="","",COUNTIFS(Schedule!$G:$G,$A22,Schedule!$U:$U,$B$2,Schedule!$P:$P,">0")+COUNTIFS('TL Schedule'!$C:$C,$A22,'TL Schedule'!$K:$K,$B$2,'TL Schedule'!$J:$J,">0")+COUNTIFS(Schedule!$G:$G,$A22,Schedule!$U:$U,$C$2,Schedule!$P:$P,">0")+COUNTIFS('TL Schedule'!$C:$C,$A22,'TL Schedule'!$K:$K,$C$2,'TL Schedule'!$J:$J,">0")) | J22: =IF($A22="","",IFERROR(TEXTJOIN(", ",TRUE,UNIQUE(FILTER(Schedule!$D$2:$D50000,Schedule!$G$2:$G50000=$A22,Schedule!$P$2:$P50000>0,((Schedule!$U$2:$U50000=$B$2)+(Schedule!$U$2:$U50000=$C$2))))),""))
A23: John Manuel | B23: =IF($A23="","",SUMIFS(Schedule!$P:$P,Schedule!$G:$G,$A23,Schedule!$U:$U,$B$2)+SUMIFS('TL Schedule'!$J:$J,'TL Schedule'!$C:$C,$A23,'TL Schedule'!$K:$K,$B$2)) | C23: =IF($A23="","",SUMIFS(Schedule!$P:$P,Schedule!$G:$G,$A23,Schedule!$U:$U,$C$2)+SUMIFS('TL Schedule'!$J:$J,'TL Schedule'!$C:$C,$A23,'TL Schedule'!$K:$K,$C$2)) | D23: =IF($A23="","",B23+C23) | E23: =IF($A23="","",SUMIFS(Overtime!$H:$H,Overtime!$B:$B,$A23,Overtime!$N:$N,$B$2)+SUMIFS(Overtime!$H:$H,Overtime!$B:$B,$A23,Overtime!$N:$N,$C$2)) | F23: =IF($A23="","",SUMIFS('Death Penalty'!$E:$E,'Death Penalty'!$B:$B,$A23,'Death Penalty'!$L:$L,$B$2)+SUMIFS('Death Penalty'!$E:$E,'Death Penalty'!$B:$B,$A23,'Death Penalty'!$L:$L,$C$2)) | G23: =IF($A23="","",D23+E23-F23) | H23: =IF($A23="","",SUMIFS(Incentives!$H:$H,Incentives!$B:$B,$A23,Incentives!$N:$N,$B$2)+SUMIFS(Incentives!$H:$H,Incentives!$B:$B,$A23,Incentives!$N:$N,$C$2)) | I23: =IF($A23="","",COUNTIFS(Schedule!$G:$G,$A23,Schedule!$U:$U,$B$2,Schedule!$P:$P,">0")+COUNTIFS('TL Schedule'!$C:$C,$A23,'TL Schedule'!$K:$K,$B$2,'TL Schedule'!$J:$J,">0")+COUNTIFS(Schedule!$G:$G,$A23,Schedule!$U:$U,$C$2,Schedule!$P:$P,">0")+COUNTIFS('TL Schedule'!$C:$C,$A23,'TL Schedule'!$K:$K,$C$2,'TL Schedule'!$J:$J,">0")) | J23: =IF($A23="","",IFERROR(TEXTJOIN(", ",TRUE,UNIQUE(FILTER(Schedule!$D$2:$D50000,Schedule!$G$2:$G50000=$A23,Schedule!$P$2:$P50000>0,((Schedule!$U$2:$U50000=$B$2)+(Schedule!$U$2:$U50000=$C$2))))),""))
A24: Joseph Racca | B24: =IF($A24="","",SUMIFS(Schedule!$P:$P,Schedule!$G:$G,$A24,Schedule!$U:$U,$B$2)+SUMIFS('TL Schedule'!$J:$J,'TL Schedule'!$C:$C,$A24,'TL Schedule'!$K:$K,$B$2)) | C24: =IF($A24="","",SUMIFS(Schedule!$P:$P,Schedule!$G:$G,$A24,Schedule!$U:$U,$C$2)+SUMIFS('TL Schedule'!$J:$J,'TL Schedule'!$C:$C,$A24,'TL Schedule'!$K:$K,$C$2)) | D24: =IF($A24="","",B24+C24) | E24: =IF($A24="","",SUMIFS(Overtime!$H:$H,Overtime!$B:$B,$A24,Overtime!$N:$N,$B$2)+SUMIFS(Overtime!$H:$H,Overtime!$B:$B,$A24,Overtime!$N:$N,$C$2)) | F24: =IF($A24="","",SUMIFS('Death Penalty'!$E:$E,'Death Penalty'!$B:$B,$A24,'Death Penalty'!$L:$L,$B$2)+SUMIFS('Death Penalty'!$E:$E,'Death Penalty'!$B:$B,$A24,'Death Penalty'!$L:$L,$C$2)) | G24: =IF($A24="","",D24+E24-F24) | H24: =IF($A24="","",SUMIFS(Incentives!$H:$H,Incentives!$B:$B,$A24,Incentives!$N:$N,$B$2)+SUMIFS(Incentives!$H:$H,Incentives!$B:$B,$A24,Incentives!$N:$N,$C$2)) | I24: =IF($A24="","",COUNTIFS(Schedule!$G:$G,$A24,Schedule!$U:$U,$B$2,Schedule!$P:$P,">0")+COUNTIFS('TL Schedule'!$C:$C,$A24,'TL Schedule'!$K:$K,$B$2,'TL Schedule'!$J:$J,">0")+COUNTIFS(Schedule!$G:$G,$A24,Schedule!$U:$U,$C$2,Schedule!$P:$P,">0")+COUNTIFS('TL Schedule'!$C:$C,$A24,'TL Schedule'!$K:$K,$C$2,'TL Schedule'!$J:$J,">0")) | J24: =IF($A24="","",IFERROR(TEXTJOIN(", ",TRUE,UNIQUE(FILTER(Schedule!$D$2:$D50000,Schedule!$G$2:$G50000=$A24,Schedule!$P$2:$P50000>0,((Schedule!$U$2:$U50000=$B$2)+(Schedule!$U$2:$U50000=$C$2))))),""))
A25: Kim Carl | B25: =IF($A25="","",SUMIFS(Schedule!$P:$P,Schedule!$G:$G,$A25,Schedule!$U:$U,$B$2)+SUMIFS('TL Schedule'!$J:$J,'TL Schedule'!$C:$C,$A25,'TL Schedule'!$K:$K,$B$2)) | C25: =IF($A25="","",SUMIFS(Schedule!$P:$P,Schedule!$G:$G,$A25,Schedule!$U:$U,$C$2)+SUMIFS('TL Schedule'!$J:$J,'TL Schedule'!$C:$C,$A25,'TL Schedule'!$K:$K,$C$2)) | D25: =IF($A25="","",B25+C25) | E25: =IF($A25="","",SUMIFS(Overtime!$H:$H,Overtime!$B:$B,$A25,Overtime!$N:$N,$B$2)+SUMIFS(Overtime!$H:$H,Overtime!$B:$B,$A25,Overtime!$N:$N,$C$2)) | F25: =IF($A25="","",SUMIFS('Death Penalty'!$E:$E,'Death Penalty'!$B:$B,$A25,'Death Penalty'!$L:$L,$B$2)+SUMIFS('Death Penalty'!$E:$E,'Death Penalty'!$B:$B,$A25,'Death Penalty'!$L:$L,$C$2)) | G25: =IF($A25="","",D25+E25-F25) | H25: =IF($A25="","",SUMIFS(Incentives!$H:$H,Incentives!$B:$B,$A25,Incentives!$N:$N,$B$2)+SUMIFS(Incentives!$H:$H,Incentives!$B:$B,$A25,Incentives!$N:$N,$C$2)) | I25: =IF($A25="","",COUNTIFS(Schedule!$G:$G,$A25,Schedule!$U:$U,$B$2,Schedule!$P:$P,">0")+COUNTIFS('TL Schedule'!$C:$C,$A25,'TL Schedule'!$K:$K,$B$2,'TL Schedule'!$J:$J,">0")+COUNTIFS(Schedule!$G:$G,$A25,Schedule!$U:$U,$C$2,Schedule!$P:$P,">0")+COUNTIFS('TL Schedule'!$C:$C,$A25,'TL Schedule'!$K:$K,$C$2,'TL Schedule'!$J:$J,">0")) | J25: =IF($A25="","",IFERROR(TEXTJOIN(", ",TRUE,UNIQUE(FILTER(Schedule!$D$2:$D50000,Schedule!$G$2:$G50000=$A25,Schedule!$P$2:$P50000>0,((Schedule!$U$2:$U50000=$B$2)+(Schedule!$U$2:$U50000=$C$2))))),""))
A26: Lemark | B26: =IF($A26="","",SUMIFS(Schedule!$P:$P,Schedule!$G:$G,$A26,Schedule!$U:$U,$B$2)+SUMIFS('TL Schedule'!$J:$J,'TL Schedule'!$C:$C,$A26,'TL Schedule'!$K:$K,$B$2)) | C26: =IF($A26="","",SUMIFS(Schedule!$P:$P,Schedule!$G:$G,$A26,Schedule!$U:$U,$C$2)+SUMIFS('TL Schedule'!$J:$J,'TL Schedule'!$C:$C,$A26,'TL Schedule'!$K:$K,$C$2)) | D26: =IF($A26="","",B26+C26) | E26: =IF($A26="","",SUMIFS(Overtime!$H:$H,Overtime!$B:$B,$A26,Overtime!$N:$N,$B$2)+SUMIFS(Overtime!$H:$H,Overtime!$B:$B,$A26,Overtime!$N:$N,$C$2)) | F26: =IF($A26="","",SUMIFS('Death Penalty'!$E:$E,'Death Penalty'!$B:$B,$A26,'Death Penalty'!$L:$L,$B$2)+SUMIFS('Death Penalty'!$E:$E,'Death Penalty'!$B:$B,$A26,'Death Penalty'!$L:$L,$C$2)) | G26: =IF($A26="","",D26+E26-F26) | H26: =IF($A26="","",SUMIFS(Incentives!$H:$H,Incentives!$B:$B,$A26,Incentives!$N:$N,$B$2)+SUMIFS(Incentives!$H:$H,Incentives!$B:$B,$A26,Incentives!$N:$N,$C$2)) | I26: =IF($A26="","",COUNTIFS(Schedule!$G:$G,$A26,Schedule!$U:$U,$B$2,Schedule!$P:$P,">0")+COUNTIFS('TL Schedule'!$C:$C,$A26,'TL Schedule'!$K:$K,$B$2,'TL Schedule'!$J:$J,">0")+COUNTIFS(Schedule!$G:$G,$A26,Schedule!$U:$U,$C$2,Schedule!$P:$P,">0")+COUNTIFS('TL Schedule'!$C:$C,$A26,'TL Schedule'!$K:$K,$C$2,'TL Schedule'!$J:$J,">0")) | J26: =IF($A26="","",IFERROR(TEXTJOIN(", ",TRUE,UNIQUE(FILTER(Schedule!$D$2:$D50000,Schedule!$G$2:$G50000=$A26,Schedule!$P$2:$P50000>0,((Schedule!$U$2:$U50000=$B$2)+(Schedule!$U$2:$U50000=$C$2))))),""))
A27: Lourence | B27: =IF($A27="","",SUMIFS(Schedule!$P:$P,Schedule!$G:$G,$A27,Schedule!$U:$U,$B$2)+SUMIFS('TL Schedule'!$J:$J,'TL Schedule'!$C:$C,$A27,'TL Schedule'!$K:$K,$B$2)) | C27: =IF($A27="","",SUMIFS(Schedule!$P:$P,Schedule!$G:$G,$A27,Schedule!$U:$U,$C$2)+SUMIFS('TL Schedule'!$J:$J,'TL Schedule'!$C:$C,$A27,'TL Schedule'!$K:$K,$C$2)) | D27: =IF($A27="","",B27+C27) | E27: =IF($A27="","",SUMIFS(Overtime!$H:$H,Overtime!$B:$B,$A27,Overtime!$N:$N,$B$2)+SUMIFS(Overtime!$H:$H,Overtime!$B:$B,$A27,Overtime!$N:$N,$C$2)) | F27: =IF($A27="","",SUMIFS('Death Penalty'!$E:$E,'Death Penalty'!$B:$B,$A27,'Death Penalty'!$L:$L,$B$2)+SUMIFS('Death Penalty'!$E:$E,'Death Penalty'!$B:$B,$A27,'Death Penalty'!$L:$L,$C$2)) | G27: =IF($A27="","",D27+E27-F27) | H27: =IF($A27="","",SUMIFS(Incentives!$H:$H,Incentives!$B:$B,$A27,Incentives!$N:$N,$B$2)+SUMIFS(Incentives!$H:$H,Incentives!$B:$B,$A27,Incentives!$N:$N,$C$2)) | I27: =IF($A27="","",COUNTIFS(Schedule!$G:$G,$A27,Schedule!$U:$U,$B$2,Schedule!$P:$P,">0")+COUNTIFS('TL Schedule'!$C:$C,$A27,'TL Schedule'!$K:$K,$B$2,'TL Schedule'!$J:$J,">0")+COUNTIFS(Schedule!$G:$G,$A27,Schedule!$U:$U,$C$2,Schedule!$P:$P,">0")+COUNTIFS('TL Schedule'!$C:$C,$A27,'TL Schedule'!$K:$K,$C$2,'TL Schedule'!$J:$J,">0")) | J27: =IF($A27="","",IFERROR(TEXTJOIN(", ",TRUE,UNIQUE(FILTER(Schedule!$D$2:$D50000,Schedule!$G$2:$G50000=$A27,Schedule!$P$2:$P50000>0,((Schedule!$U$2:$U50000=$B$2)+(Schedule!$U$2:$U50000=$C$2))))),""))
A28: Mark Anthony | B28: =IF($A28="","",SUMIFS(Schedule!$P:$P,Schedule!$G:$G,$A28,Schedule!$U:$U,$B$2)+SUMIFS('TL Schedule'!$J:$J,'TL Schedule'!$C:$C,$A28,'TL Schedule'!$K:$K,$B$2)) | C28: =IF($A28="","",SUMIFS(Schedule!$P:$P,Schedule!$G:$G,$A28,Schedule!$U:$U,$C$2)+SUMIFS('TL Schedule'!$J:$J,'TL Schedule'!$C:$C,$A28,'TL Schedule'!$K:$K,$C$2)) | D28: =IF($A28="","",B28+C28) | E28: =IF($A28="","",SUMIFS(Overtime!$H:$H,Overtime!$B:$B,$A28,Overtime!$N:$N,$B$2)+SUMIFS(Overtime!$H:$H,Overtime!$B:$B,$A28,Overtime!$N:$N,$C$2)) | F28: =IF($A28="","",SUMIFS('Death Penalty'!$E:$E,'Death Penalty'!$B:$B,$A28,'Death Penalty'!$L:$L,$B$2)+SUMIFS('Death Penalty'!$E:$E,'Death Penalty'!$B:$B,$A28,'Death Penalty'!$L:$L,$C$2)) | G28: =IF($A28="","",D28+E28-F28) | H28: =IF($A28="","",SUMIFS(Incentives!$H:$H,Incentives!$B:$B,$A28,Incentives!$N:$N,$B$2)+SUMIFS(Incentives!$H:$H,Incentives!$B:$B,$A28,Incentives!$N:$N,$C$2)) | I28: =IF($A28="","",COUNTIFS(Schedule!$G:$G,$A28,Schedule!$U:$U,$B$2,Schedule!$P:$P,">0")+COUNTIFS('TL Schedule'!$C:$C,$A28,'TL Schedule'!$K:$K,$B$2,'TL Schedule'!$J:$J,">0")+COUNTIFS(Schedule!$G:$G,$A28,Schedule!$U:$U,$C$2,Schedule!$P:$P,">0")+COUNTIFS('TL Schedule'!$C:$C,$A28,'TL Schedule'!$K:$K,$C$2,'TL Schedule'!$J:$J,">0")) | J28: =IF($A28="","",IFERROR(TEXTJOIN(", ",TRUE,UNIQUE(FILTER(Schedule!$D$2:$D50000,Schedule!$G$2:$G50000=$A28,Schedule!$P$2:$P50000>0,((Schedule!$U$2:$U50000=$B$2)+(Schedule!$U$2:$U50000=$C$2))))),""))
A29: Mark Valdez | B29: =IF($A29="","",SUMIFS(Schedule!$P:$P,Schedule!$G:$G,$A29,Schedule!$U:$U,$B$2)+SUMIFS('TL Schedule'!$J:$J,'TL Schedule'!$C:$C,$A29,'TL Schedule'!$K:$K,$B$2)) | C29: =IF($A29="","",SUMIFS(Schedule!$P:$P,Schedule!$G:$G,$A29,Schedule!$U:$U,$C$2)+SUMIFS('TL Schedule'!$J:$J,'TL Schedule'!$C:$C,$A29,'TL Schedule'!$K:$K,$C$2)) | D29: =IF($A29="","",B29+C29) | E29: =IF($A29="","",SUMIFS(Overtime!$H:$H,Overtime!$B:$B,$A29,Overtime!$N:$N,$B$2)+SUMIFS(Overtime!$H:$H,Overtime!$B:$B,$A29,Overtime!$N:$N,$C$2)) | F29: =IF($A29="","",SUMIFS('Death Penalty'!$E:$E,'Death Penalty'!$B:$B,$A29,'Death Penalty'!$L:$L,$B$2)+SUMIFS('Death Penalty'!$E:$E,'Death Penalty'!$B:$B,$A29,'Death Penalty'!$L:$L,$C$2)) | G29: =IF($A29="","",D29+E29-F29) | H29: =IF($A29="","",SUMIFS(Incentives!$H:$H,Incentives!$B:$B,$A29,Incentives!$N:$N,$B$2)+SUMIFS(Incentives!$H:$H,Incentives!$B:$B,$A29,Incentives!$N:$N,$C$2)) | I29: =IF($A29="","",COUNTIFS(Schedule!$G:$G,$A29,Schedule!$U:$U,$B$2,Schedule!$P:$P,">0")+COUNTIFS('TL Schedule'!$C:$C,$A29,'TL Schedule'!$K:$K,$B$2,'TL Schedule'!$J:$J,">0")+COUNTIFS(Schedule!$G:$G,$A29,Schedule!$U:$U,$C$2,Schedule!$P:$P,">0")+COUNTIFS('TL Schedule'!$C:$C,$A29,'TL Schedule'!$K:$K,$C$2,'TL Schedule'!$J:$J,">0")) | J29: =IF($A29="","",IFERROR(TEXTJOIN(", ",TRUE,UNIQUE(FILTER(Schedule!$D$2:$D50000,Schedule!$G$2:$G50000=$A29,Schedule!$P$2:$P50000>0,((Schedule!$U$2:$U50000=$B$2)+(Schedule!$U$2:$U50000=$C$2))))),""))
A30: Micko Tanedo | B30: =IF($A30="","",SUMIFS(Schedule!$P:$P,Schedule!$G:$G,$A30,Schedule!$U:$U,$B$2)+SUMIFS('TL Schedule'!$J:$J,'TL Schedule'!$C:$C,$A30,'TL Schedule'!$K:$K,$B$2)) | C30: =IF($A30="","",SUMIFS(Schedule!$P:$P,Schedule!$G:$G,$A30,Schedule!$U:$U,$C$2)+SUMIFS('TL Schedule'!$J:$J,'TL Schedule'!$C:$C,$A30,'TL Schedule'!$K:$K,$C$2)) | D30: =IF($A30="","",B30+C30) | E30: =IF($A30="","",SUMIFS(Overtime!$H:$H,Overtime!$B:$B,$A30,Overtime!$N:$N,$B$2)+SUMIFS(Overtime!$H:$H,Overtime!$B:$B,$A30,Overtime!$N:$N,$C$2)) | F30: =IF($A30="","",SUMIFS('Death Penalty'!$E:$E,'Death Penalty'!$B:$B,$A30,'Death Penalty'!$L:$L,$B$2)+SUMIFS('Death Penalty'!$E:$E,'Death Penalty'!$B:$B,$A30,'Death Penalty'!$L:$L,$C$2)) | G30: =IF($A30="","",D30+E30-F30) | H30: =IF($A30="","",SUMIFS(Incentives!$H:$H,Incentives!$B:$B,$A30,Incentives!$N:$N,$B$2)+SUMIFS(Incentives!$H:$H,Incentives!$B:$B,$A30,Incentives!$N:$N,$C$2)) | I30: =IF($A30="","",COUNTIFS(Schedule!$G:$G,$A30,Schedule!$U:$U,$B$2,Schedule!$P:$P,">0")+COUNTIFS('TL Schedule'!$C:$C,$A30,'TL Schedule'!$K:$K,$B$2,'TL Schedule'!$J:$J,">0")+COUNTIFS(Schedule!$G:$G,$A30,Schedule!$U:$U,$C$2,Schedule!$P:$P,">0")+COUNTIFS('TL Schedule'!$C:$C,$A30,'TL Schedule'!$K:$K,$C$2,'TL Schedule'!$J:$J,">0")) | J30: =IF($A30="","",IFERROR(TEXTJOIN(", ",TRUE,UNIQUE(FILTER(Schedule!$D$2:$D50000,Schedule!$G$2:$G50000=$A30,Schedule!$P$2:$P50000>0,((Schedule!$U$2:$U50000=$B$2)+(Schedule!$U$2:$U50000=$C$2))))),""))
A31: Mitchell | B31: =IF($A31="","",SUMIFS(Schedule!$P:$P,Schedule!$G:$G,$A31,Schedule!$U:$U,$B$2)+SUMIFS('TL Schedule'!$J:$J,'TL Schedule'!$C:$C,$A31,'TL Schedule'!$K:$K,$B$2)) | C31: =IF($A31="","",SUMIFS(Schedule!$P:$P,Schedule!$G:$G,$A31,Schedule!$U:$U,$C$2)+SUMIFS('TL Schedule'!$J:$J,'TL Schedule'!$C:$C,$A31,'TL Schedule'!$K:$K,$C$2)) | D31: =IF($A31="","",B31+C31) | E31: =IF($A31="","",SUMIFS(Overtime!$H:$H,Overtime!$B:$B,$A31,Overtime!$N:$N,$B$2)+SUMIFS(Overtime!$H:$H,Overtime!$B:$B,$A31,Overtime!$N:$N,$C$2)) | F31: =IF($A31="","",SUMIFS('Death Penalty'!$E:$E,'Death Penalty'!$B:$B,$A31,'Death Penalty'!$L:$L,$B$2)+SUMIFS('Death Penalty'!$E:$E,'Death Penalty'!$B:$B,$A31,'Death Penalty'!$L:$L,$C$2)) | G31: =IF($A31="","",D31+E31-F31) | H31: =IF($A31="","",SUMIFS(Incentives!$H:$H,Incentives!$B:$B,$A31,Incentives!$N:$N,$B$2)+SUMIFS(Incentives!$H:$H,Incentives!$B:$B,$A31,Incentives!$N:$N,$C$2)) | I31: =IF($A31="","",COUNTIFS(Schedule!$G:$G,$A31,Schedule!$U:$U,$B$2,Schedule!$P:$P,">0")+COUNTIFS('TL Schedule'!$C:$C,$A31,'TL Schedule'!$K:$K,$B$2,'TL Schedule'!$J:$J,">0")+COUNTIFS(Schedule!$G:$G,$A31,Schedule!$U:$U,$C$2,Schedule!$P:$P,">0")+COUNTIFS('TL Schedule'!$C:$C,$A31,'TL Schedule'!$K:$K,$C$2,'TL Schedule'!$J:$J,">0")) | J31: =IF($A31="","",IFERROR(TEXTJOIN(", ",TRUE,UNIQUE(FILTER(Schedule!$D$2:$D50000,Schedule!$G$2:$G50000=$A31,Schedule!$P$2:$P50000>0,((Schedule!$U$2:$U50000=$B$2)+(Schedule!$U$2:$U50000=$C$2))))),""))
A32: Monteza | B32: =IF($A32="","",SUMIFS(Schedule!$P:$P,Schedule!$G:$G,$A32,Schedule!$U:$U,$B$2)+SUMIFS('TL Schedule'!$J:$J,'TL Schedule'!$C:$C,$A32,'TL Schedule'!$K:$K,$B$2)) | C32: =IF($A32="","",SUMIFS(Schedule!$P:$P,Schedule!$G:$G,$A32,Schedule!$U:$U,$C$2)+SUMIFS('TL Schedule'!$J:$J,'TL Schedule'!$C:$C,$A32,'TL Schedule'!$K:$K,$C$2)) | D32: =IF($A32="","",B32+C32) | E32: =IF($A32="","",SUMIFS(Overtime!$H:$H,Overtime!$B:$B,$A32,Overtime!$N:$N,$B$2)+SUMIFS(Overtime!$H:$H,Overtime!$B:$B,$A32,Overtime!$N:$N,$C$2)) | F32: =IF($A32="","",SUMIFS('Death Penalty'!$E:$E,'Death Penalty'!$B:$B,$A32,'Death Penalty'!$L:$L,$B$2)+SUMIFS('Death Penalty'!$E:$E,'Death Penalty'!$B:$B,$A32,'Death Penalty'!$L:$L,$C$2)) | G32: =IF($A32="","",D32+E32-F32) | H32: =IF($A32="","",SUMIFS(Incentives!$H:$H,Incentives!$B:$B,$A32,Incentives!$N:$N,$B$2)+SUMIFS(Incentives!$H:$H,Incentives!$B:$B,$A32,Incentives!$N:$N,$C$2)) | I32: =IF($A32="","",COUNTIFS(Schedule!$G:$G,$A32,Schedule!$U:$U,$B$2,Schedule!$P:$P,">0")+COUNTIFS('TL Schedule'!$C:$C,$A32,'TL Schedule'!$K:$K,$B$2,'TL Schedule'!$J:$J,">0")+COUNTIFS(Schedule!$G:$G,$A32,Schedule!$U:$U,$C$2,Schedule!$P:$P,">0")+COUNTIFS('TL Schedule'!$C:$C,$A32,'TL Schedule'!$K:$K,$C$2,'TL Schedule'!$J:$J,">0")) | J32: =IF($A32="","",IFERROR(TEXTJOIN(", ",TRUE,UNIQUE(FILTER(Schedule!$D$2:$D50000,Schedule!$G$2:$G50000=$A32,Schedule!$P$2:$P50000>0,((Schedule!$U$2:$U50000=$B$2)+(Schedule!$U$2:$U50000=$C$2))))),""))
A33: Patrick | B33: =IF($A33="","",SUMIFS(Schedule!$P:$P,Schedule!$G:$G,$A33,Schedule!$U:$U,$B$2)+SUMIFS('TL Schedule'!$J:$J,'TL Schedule'!$C:$C,$A33,'TL Schedule'!$K:$K,$B$2)) | C33: =IF($A33="","",SUMIFS(Schedule!$P:$P,Schedule!$G:$G,$A33,Schedule!$U:$U,$C$2)+SUMIFS('TL Schedule'!$J:$J,'TL Schedule'!$C:$C,$A33,'TL Schedule'!$K:$K,$C$2)) | D33: =IF($A33="","",B33+C33) | E33: =IF($A33="","",SUMIFS(Overtime!$H:$H,Overtime!$B:$B,$A33,Overtime!$N:$N,$B$2)+SUMIFS(Overtime!$H:$H,Overtime!$B:$B,$A33,Overtime!$N:$N,$C$2)) | F33: =IF($A33="","",SUMIFS('Death Penalty'!$E:$E,'Death Penalty'!$B:$B,$A33,'Death Penalty'!$L:$L,$B$2)+SUMIFS('Death Penalty'!$E:$E,'Death Penalty'!$B:$B,$A33,'Death Penalty'!$L:$L,$C$2)) | G33: =IF($A33="","",D33+E33-F33) | H33: =IF($A33="","",SUMIFS(Incentives!$H:$H,Incentives!$B:$B,$A33,Incentives!$N:$N,$B$2)+SUMIFS(Incentives!$H:$H,Incentives!$B:$B,$A33,Incentives!$N:$N,$C$2)) | I33: =IF($A33="","",COUNTIFS(Schedule!$G:$G,$A33,Schedule!$U:$U,$B$2,Schedule!$P:$P,">0")+COUNTIFS('TL Schedule'!$C:$C,$A33,'TL Schedule'!$K:$K,$B$2,'TL Schedule'!$J:$J,">0")+COUNTIFS(Schedule!$G:$G,$A33,Schedule!$U:$U,$C$2,Schedule!$P:$P,">0")+COUNTIFS('TL Schedule'!$C:$C,$A33,'TL Schedule'!$K:$K,$C$2,'TL Schedule'!$J:$J,">0")) | J33: =IF($A33="","",IFERROR(TEXTJOIN(", ",TRUE,UNIQUE(FILTER(Schedule!$D$2:$D50000,Schedule!$G$2:$G50000=$A33,Schedule!$P$2:$P50000>0,((Schedule!$U$2:$U50000=$B$2)+(Schedule!$U$2:$U50000=$C$2))))),""))
A34: Patrick Rivera | B34: =IF($A34="","",SUMIFS(Schedule!$P:$P,Schedule!$G:$G,$A34,Schedule!$U:$U,$B$2)+SUMIFS('TL Schedule'!$J:$J,'TL Schedule'!$C:$C,$A34,'TL Schedule'!$K:$K,$B$2)) | C34: =IF($A34="","",SUMIFS(Schedule!$P:$P,Schedule!$G:$G,$A34,Schedule!$U:$U,$C$2)+SUMIFS('TL Schedule'!$J:$J,'TL Schedule'!$C:$C,$A34,'TL Schedule'!$K:$K,$C$2)) | D34: =IF($A34="","",B34+C34) | E34: =IF($A34="","",SUMIFS(Overtime!$H:$H,Overtime!$B:$B,$A34,Overtime!$N:$N,$B$2)+SUMIFS(Overtime!$H:$H,Overtime!$B:$B,$A34,Overtime!$N:$N,$C$2)) | F34: =IF($A34="","",SUMIFS('Death Penalty'!$E:$E,'Death Penalty'!$B:$B,$A34,'Death Penalty'!$L:$L,$B$2)+SUMIFS('Death Penalty'!$E:$E,'Death Penalty'!$B:$B,$A34,'Death Penalty'!$L:$L,$C$2)) | G34: =IF($A34="","",D34+E34-F34) | H34: =IF($A34="","",SUMIFS(Incentives!$H:$H,Incentives!$B:$B,$A34,Incentives!$N:$N,$B$2)+SUMIFS(Incentives!$H:$H,Incentives!$B:$B,$A34,Incentives!$N:$N,$C$2)) | I34: =IF($A34="","",COUNTIFS(Schedule!$G:$G,$A34,Schedule!$U:$U,$B$2,Schedule!$P:$P,">0")+COUNTIFS('TL Schedule'!$C:$C,$A34,'TL Schedule'!$K:$K,$B$2,'TL Schedule'!$J:$J,">0")+COUNTIFS(Schedule!$G:$G,$A34,Schedule!$U:$U,$C$2,Schedule!$P:$P,">0")+COUNTIFS('TL Schedule'!$C:$C,$A34,'TL Schedule'!$K:$K,$C$2,'TL Schedule'!$J:$J,">0")) | J34: =IF($A34="","",IFERROR(TEXTJOIN(", ",TRUE,UNIQUE(FILTER(Schedule!$D$2:$D50000,Schedule!$G$2:$G50000=$A34,Schedule!$P$2:$P50000>0,((Schedule!$U$2:$U50000=$B$2)+(Schedule!$U$2:$U50000=$C$2))))),""))
A35: Raul | B35: =IF($A35="","",SUMIFS(Schedule!$P:$P,Schedule!$G:$G,$A35,Schedule!$U:$U,$B$2)+SUMIFS('TL Schedule'!$J:$J,'TL Schedule'!$C:$C,$A35,'TL Schedule'!$K:$K,$B$2)) | C35: =IF($A35="","",SUMIFS(Schedule!$P:$P,Schedule!$G:$G,$A35,Schedule!$U:$U,$C$2)+SUMIFS('TL Schedule'!$J:$J,'TL Schedule'!$C:$C,$A35,'TL Schedule'!$K:$K,$C$2)) | D35: =IF($A35="","",B35+C35) | E35: =IF($A35="","",SUMIFS(Overtime!$H:$H,Overtime!$B:$B,$A35,Overtime!$N:$N,$B$2)+SUMIFS(Overtime!$H:$H,Overtime!$B:$B,$A35,Overtime!$N:$N,$C$2)) | F35: =IF($A35="","",SUMIFS('Death Penalty'!$E:$E,'Death Penalty'!$B:$B,$A35,'Death Penalty'!$L:$L,$B$2)+SUMIFS('Death Penalty'!$E:$E,'Death Penalty'!$B:$B,$A35,'Death Penalty'!$L:$L,$C$2)) | G35: =IF($A35="","",D35+E35-F35) | H35: =IF($A35="","",SUMIFS(Incentives!$H:$H,Incentives!$B:$B,$A35,Incentives!$N:$N,$B$2)+SUMIFS(Incentives!$H:$H,Incentives!$B:$B,$A35,Incentives!$N:$N,$C$2)) | I35: =IF($A35="","",COUNTIFS(Schedule!$G:$G,$A35,Schedule!$U:$U,$B$2,Schedule!$P:$P,">0")+COUNTIFS('TL Schedule'!$C:$C,$A35,'TL Schedule'!$K:$K,$B$2,'TL Schedule'!$J:$J,">0")+COUNTIFS(Schedule!$G:$G,$A35,Schedule!$U:$U,$C$2,Schedule!$P:$P,">0")+COUNTIFS('TL Schedule'!$C:$C,$A35,'TL Schedule'!$K:$K,$C$2,'TL Schedule'!$J:$J,">0")) | J35: =IF($A35="","",IFERROR(TEXTJOIN(", ",TRUE,UNIQUE(FILTER(Schedule!$D$2:$D50000,Schedule!$G$2:$G50000=$A35,Schedule!$P$2:$P50000>0,((Schedule!$U$2:$U50000=$B$2)+(Schedule!$U$2:$U50000=$C$2))))),""))
A36: Raymond | B36: =IF($A36="","",SUMIFS(Schedule!$P:$P,Schedule!$G:$G,$A36,Schedule!$U:$U,$B$2)+SUMIFS('TL Schedule'!$J:$J,'TL Schedule'!$C:$C,$A36,'TL Schedule'!$K:$K,$B$2)) | C36: =IF($A36="","",SUMIFS(Schedule!$P:$P,Schedule!$G:$G,$A36,Schedule!$U:$U,$C$2)+SUMIFS('TL Schedule'!$J:$J,'TL Schedule'!$C:$C,$A36,'TL Schedule'!$K:$K,$C$2)) | D36: =IF($A36="","",B36+C36) | E36: =IF($A36="","",SUMIFS(Overtime!$H:$H,Overtime!$B:$B,$A36,Overtime!$N:$N,$B$2)+SUMIFS(Overtime!$H:$H,Overtime!$B:$B,$A36,Overtime!$N:$N,$C$2)) | F36: =IF($A36="","",SUMIFS('Death Penalty'!$E:$E,'Death Penalty'!$B:$B,$A36,'Death Penalty'!$L:$L,$B$2)+SUMIFS('Death Penalty'!$E:$E,'Death Penalty'!$B:$B,$A36,'Death Penalty'!$L:$L,$C$2)) | G36: =IF($A36="","",D36+E36-F36) | H36: =IF($A36="","",SUMIFS(Incentives!$H:$H,Incentives!$B:$B,$A36,Incentives!$N:$N,$B$2)+SUMIFS(Incentives!$H:$H,Incentives!$B:$B,$A36,Incentives!$N:$N,$C$2)) | I36: =IF($A36="","",COUNTIFS(Schedule!$G:$G,$A36,Schedule!$U:$U,$B$2,Schedule!$P:$P,">0")+COUNTIFS('TL Schedule'!$C:$C,$A36,'TL Schedule'!$K:$K,$B$2,'TL Schedule'!$J:$J,">0")+COUNTIFS(Schedule!$G:$G,$A36,Schedule!$U:$U,$C$2,Schedule!$P:$P,">0")+COUNTIFS('TL Schedule'!$C:$C,$A36,'TL Schedule'!$K:$K,$C$2,'TL Schedule'!$J:$J,">0")) | J36: =IF($A36="","",IFERROR(TEXTJOIN(", ",TRUE,UNIQUE(FILTER(Schedule!$D$2:$D50000,Schedule!$G$2:$G50000=$A36,Schedule!$P$2:$P50000>0,((Schedule!$U$2:$U50000=$B$2)+(Schedule!$U$2:$U50000=$C$2))))),""))
A37: Rhuzsel | B37: =IF($A37="","",SUMIFS(Schedule!$P:$P,Schedule!$G:$G,$A37,Schedule!$U:$U,$B$2)+SUMIFS('TL Schedule'!$J:$J,'TL Schedule'!$C:$C,$A37,'TL Schedule'!$K:$K,$B$2)) | C37: =IF($A37="","",SUMIFS(Schedule!$P:$P,Schedule!$G:$G,$A37,Schedule!$U:$U,$C$2)+SUMIFS('TL Schedule'!$J:$J,'TL Schedule'!$C:$C,$A37,'TL Schedule'!$K:$K,$C$2)) | D37: =IF($A37="","",B37+C37) | E37: =IF($A37="","",SUMIFS(Overtime!$H:$H,Overtime!$B:$B,$A37,Overtime!$N:$N,$B$2)+SUMIFS(Overtime!$H:$H,Overtime!$B:$B,$A37,Overtime!$N:$N,$C$2)) | F37: =IF($A37="","",SUMIFS('Death Penalty'!$E:$E,'Death Penalty'!$B:$B,$A37,'Death Penalty'!$L:$L,$B$2)+SUMIFS('Death Penalty'!$E:$E,'Death Penalty'!$B:$B,$A37,'Death Penalty'!$L:$L,$C$2)) | G37: =IF($A37="","",D37+E37-F37) | H37: =IF($A37="","",SUMIFS(Incentives!$H:$H,Incentives!$B:$B,$A37,Incentives!$N:$N,$B$2)+SUMIFS(Incentives!$H:$H,Incentives!$B:$B,$A37,Incentives!$N:$N,$C$2)) | I37: =IF($A37="","",COUNTIFS(Schedule!$G:$G,$A37,Schedule!$U:$U,$B$2,Schedule!$P:$P,">0")+COUNTIFS('TL Schedule'!$C:$C,$A37,'TL Schedule'!$K:$K,$B$2,'TL Schedule'!$J:$J,">0")+COUNTIFS(Schedule!$G:$G,$A37,Schedule!$U:$U,$C$2,Schedule!$P:$P,">0")+COUNTIFS('TL Schedule'!$C:$C,$A37,'TL Schedule'!$K:$K,$C$2,'TL Schedule'!$J:$J,">0")) | J37: =IF($A37="","",IFERROR(TEXTJOIN(", ",TRUE,UNIQUE(FILTER(Schedule!$D$2:$D50000,Schedule!$G$2:$G50000=$A37,Schedule!$P$2:$P50000>0,((Schedule!$U$2:$U50000=$B$2)+(Schedule!$U$2:$U50000=$C$2))))),""))
A38: Richard Salupari | B38: =IF($A38="","",SUMIFS(Schedule!$P:$P,Schedule!$G:$G,$A38,Schedule!$U:$U,$B$2)+SUMIFS('TL Schedule'!$J:$J,'TL Schedule'!$C:$C,$A38,'TL Schedule'!$K:$K,$B$2)) | C38: =IF($A38="","",SUMIFS(Schedule!$P:$P,Schedule!$G:$G,$A38,Schedule!$U:$U,$C$2)+SUMIFS('TL Schedule'!$J:$J,'TL Schedule'!$C:$C,$A38,'TL Schedule'!$K:$K,$C$2)) | D38: =IF($A38="","",B38+C38) | E38: =IF($A38="","",SUMIFS(Overtime!$H:$H,Overtime!$B:$B,$A38,Overtime!$N:$N,$B$2)+SUMIFS(Overtime!$H:$H,Overtime!$B:$B,$A38,Overtime!$N:$N,$C$2)) | F38: =IF($A38="","",SUMIFS('Death Penalty'!$E:$E,'Death Penalty'!$B:$B,$A38,'Death Penalty'!$L:$L,$B$2)+SUMIFS('Death Penalty'!$E:$E,'Death Penalty'!$B:$B,$A38,'Death Penalty'!$L:$L,$C$2)) | G38: =IF($A38="","",D38+E38-F38) | H38: =IF($A38="","",SUMIFS(Incentives!$H:$H,Incentives!$B:$B,$A38,Incentives!$N:$N,$B$2)+SUMIFS(Incentives!$H:$H,Incentives!$B:$B,$A38,Incentives!$N:$N,$C$2)) | I38: =IF($A38="","",COUNTIFS(Schedule!$G:$G,$A38,Schedule!$U:$U,$B$2,Schedule!$P:$P,">0")+COUNTIFS('TL Schedule'!$C:$C,$A38,'TL Schedule'!$K:$K,$B$2,'TL Schedule'!$J:$J,">0")+COUNTIFS(Schedule!$G:$G,$A38,Schedule!$U:$U,$C$2,Schedule!$P:$P,">0")+COUNTIFS('TL Schedule'!$C:$C,$A38,'TL Schedule'!$K:$K,$C$2,'TL Schedule'!$J:$J,">0")) | J38: =IF($A38="","",IFERROR(TEXTJOIN(", ",TRUE,UNIQUE(FILTER(Schedule!$D$2:$D50000,Schedule!$G$2:$G50000=$A38,Schedule!$P$2:$P50000>0,((Schedule!$U$2:$U50000=$B$2)+(Schedule!$U$2:$U50000=$C$2))))),""))
A39: Rodel | B39: =IF($A39="","",SUMIFS(Schedule!$P:$P,Schedule!$G:$G,$A39,Schedule!$U:$U,$B$2)+SUMIFS('TL Schedule'!$J:$J,'TL Schedule'!$C:$C,$A39,'TL Schedule'!$K:$K,$B$2)) | C39: =IF($A39="","",SUMIFS(Schedule!$P:$P,Schedule!$G:$G,$A39,Schedule!$U:$U,$C$2)+SUMIFS('TL Schedule'!$J:$J,'TL Schedule'!$C:$C,$A39,'TL Schedule'!$K:$K,$C$2)) | D39: =IF($A39="","",B39+C39) | E39: =IF($A39="","",SUMIFS(Overtime!$H:$H,Overtime!$B:$B,$A39,Overtime!$N:$N,$B$2)+SUMIFS(Overtime!$H:$H,Overtime!$B:$B,$A39,Overtime!$N:$N,$C$2)) | F39: =IF($A39="","",SUMIFS('Death Penalty'!$E:$E,'Death Penalty'!$B:$B,$A39,'Death Penalty'!$L:$L,$B$2)+SUMIFS('Death Penalty'!$E:$E,'Death Penalty'!$B:$B,$A39,'Death Penalty'!$L:$L,$C$2)) | G39: =IF($A39="","",D39+E39-F39) | H39: =IF($A39="","",SUMIFS(Incentives!$H:$H,Incentives!$B:$B,$A39,Incentives!$N:$N,$B$2)+SUMIFS(Incentives!$H:$H,Incentives!$B:$B,$A39,Incentives!$N:$N,$C$2)) | I39: =IF($A39="","",COUNTIFS(Schedule!$G:$G,$A39,Schedule!$U:$U,$B$2,Schedule!$P:$P,">0")+COUNTIFS('TL Schedule'!$C:$C,$A39,'TL Schedule'!$K:$K,$B$2,'TL Schedule'!$J:$J,">0")+COUNTIFS(Schedule!$G:$G,$A39,Schedule!$U:$U,$C$2,Schedule!$P:$P,">0")+COUNTIFS('TL Schedule'!$C:$C,$A39,'TL Schedule'!$K:$K,$C$2,'TL Schedule'!$J:$J,">0")) | J39: =IF($A39="","",IFERROR(TEXTJOIN(", ",TRUE,UNIQUE(FILTER(Schedule!$D$2:$D50000,Schedule!$G$2:$G50000=$A39,Schedule!$P$2:$P50000>0,((Schedule!$U$2:$U50000=$B$2)+(Schedule!$U$2:$U50000=$C$2))))),""))
A40: Roderick | B40: =IF($A40="","",SUMIFS(Schedule!$P:$P,Schedule!$G:$G,$A40,Schedule!$U:$U,$B$2)+SUMIFS('TL Schedule'!$J:$J,'TL Schedule'!$C:$C,$A40,'TL Schedule'!$K:$K,$B$2)) | C40: =IF($A40="","",SUMIFS(Schedule!$P:$P,Schedule!$G:$G,$A40,Schedule!$U:$U,$C$2)+SUMIFS('TL Schedule'!$J:$J,'TL Schedule'!$C:$C,$A40,'TL Schedule'!$K:$K,$C$2)) | D40: =IF($A40="","",B40+C40) | E40: =IF($A40="","",SUMIFS(Overtime!$H:$H,Overtime!$B:$B,$A40,Overtime!$N:$N,$B$2)+SUMIFS(Overtime!$H:$H,Overtime!$B:$B,$A40,Overtime!$N:$N,$C$2)) | F40: =IF($A40="","",SUMIFS('Death Penalty'!$E:$E,'Death Penalty'!$B:$B,$A40,'Death Penalty'!$L:$L,$B$2)+SUMIFS('Death Penalty'!$E:$E,'Death Penalty'!$B:$B,$A40,'Death Penalty'!$L:$L,$C$2)) | G40: =IF($A40="","",D40+E40-F40) | H40: =IF($A40="","",SUMIFS(Incentives!$H:$H,Incentives!$B:$B,$A40,Incentives!$N:$N,$B$2)+SUMIFS(Incentives!$H:$H,Incentives!$B:$B,$A40,Incentives!$N:$N,$C$2)) | I40: =IF($A40="","",COUNTIFS(Schedule!$G:$G,$A40,Schedule!$U:$U,$B$2,Schedule!$P:$P,">0")+COUNTIFS('TL Schedule'!$C:$C,$A40,'TL Schedule'!$K:$K,$B$2,'TL Schedule'!$J:$J,">0")+COUNTIFS(Schedule!$G:$G,$A40,Schedule!$U:$U,$C$2,Schedule!$P:$P,">0")+COUNTIFS('TL Schedule'!$C:$C,$A40,'TL Schedule'!$K:$K,$C$2,'TL Schedule'!$J:$J,">0")) | J40: =IF($A40="","",IFERROR(TEXTJOIN(", ",TRUE,UNIQUE(FILTER(Schedule!$D$2:$D50000,Schedule!$G$2:$G50000=$A40,Schedule!$P$2:$P50000>0,((Schedule!$U$2:$U50000=$B$2)+(Schedule!$U$2:$U50000=$C$2))))),""))
A41: Samantha | B41: =IF($A41="","",SUMIFS(Schedule!$P:$P,Schedule!$G:$G,$A41,Schedule!$U:$U,$B$2)+SUMIFS('TL Schedule'!$J:$J,'TL Schedule'!$C:$C,$A41,'TL Schedule'!$K:$K,$B$2)) | C41: =IF($A41="","",SUMIFS(Schedule!$P:$P,Schedule!$G:$G,$A41,Schedule!$U:$U,$C$2)+SUMIFS('TL Schedule'!$J:$J,'TL Schedule'!$C:$C,$A41,'TL Schedule'!$K:$K,$C$2)) | D41: =IF($A41="","",B41+C41) | E41: =IF($A41="","",SUMIFS(Overtime!$H:$H,Overtime!$B:$B,$A41,Overtime!$N:$N,$B$2)+SUMIFS(Overtime!$H:$H,Overtime!$B:$B,$A41,Overtime!$N:$N,$C$2)) | F41: =IF($A41="","",SUMIFS('Death Penalty'!$E:$E,'Death Penalty'!$B:$B,$A41,'Death Penalty'!$L:$L,$B$2)+SUMIFS('Death Penalty'!$E:$E,'Death Penalty'!$B:$B,$A41,'Death Penalty'!$L:$L,$C$2)) | G41: =IF($A41="","",D41+E41-F41) | H41: =IF($A41="","",SUMIFS(Incentives!$H:$H,Incentives!$B:$B,$A41,Incentives!$N:$N,$B$2)+SUMIFS(Incentives!$H:$H,Incentives!$B:$B,$A41,Incentives!$N:$N,$C$2)) | I41: =IF($A41="","",COUNTIFS(Schedule!$G:$G,$A41,Schedule!$U:$U,$B$2,Schedule!$P:$P,">0")+COUNTIFS('TL Schedule'!$C:$C,$A41,'TL Schedule'!$K:$K,$B$2,'TL Schedule'!$J:$J,">0")+COUNTIFS(Schedule!$G:$G,$A41,Schedule!$U:$U,$C$2,Schedule!$P:$P,">0")+COUNTIFS('TL Schedule'!$C:$C,$A41,'TL Schedule'!$K:$K,$C$2,'TL Schedule'!$J:$J,">0")) | J41: =IF($A41="","",IFERROR(TEXTJOIN(", ",TRUE,UNIQUE(FILTER(Schedule!$D$2:$D50000,Schedule!$G$2:$G50000=$A41,Schedule!$P$2:$P50000>0,((Schedule!$U$2:$U50000=$B$2)+(Schedule!$U$2:$U50000=$C$2))))),""))
A42: Smartley | B42: =IF($A42="","",SUMIFS(Schedule!$P:$P,Schedule!$G:$G,$A42,Schedule!$U:$U,$B$2)+SUMIFS('TL Schedule'!$J:$J,'TL Schedule'!$C:$C,$A42,'TL Schedule'!$K:$K,$B$2)) | C42: =IF($A42="","",SUMIFS(Schedule!$P:$P,Schedule!$G:$G,$A42,Schedule!$U:$U,$C$2)+SUMIFS('TL Schedule'!$J:$J,'TL Schedule'!$C:$C,$A42,'TL Schedule'!$K:$K,$C$2)) | D42: =IF($A42="","",B42+C42) | E42: =IF($A42="","",SUMIFS(Overtime!$H:$H,Overtime!$B:$B,$A42,Overtime!$N:$N,$B$2)+SUMIFS(Overtime!$H:$H,Overtime!$B:$B,$A42,Overtime!$N:$N,$C$2)) | F42: =IF($A42="","",SUMIFS('Death Penalty'!$E:$E,'Death Penalty'!$B:$B,$A42,'Death Penalty'!$L:$L,$B$2)+SUMIFS('Death Penalty'!$E:$E,'Death Penalty'!$B:$B,$A42,'Death Penalty'!$L:$L,$C$2)) | G42: =IF($A42="","",D42+E42-F42) | H42: =IF($A42="","",SUMIFS(Incentives!$H:$H,Incentives!$B:$B,$A42,Incentives!$N:$N,$B$2)+SUMIFS(Incentives!$H:$H,Incentives!$B:$B,$A42,Incentives!$N:$N,$C$2)) | I42: =IF($A42="","",COUNTIFS(Schedule!$G:$G,$A42,Schedule!$U:$U,$B$2,Schedule!$P:$P,">0")+COUNTIFS('TL Schedule'!$C:$C,$A42,'TL Schedule'!$K:$K,$B$2,'TL Schedule'!$J:$J,">0")+COUNTIFS(Schedule!$G:$G,$A42,Schedule!$U:$U,$C$2,Schedule!$P:$P,">0")+COUNTIFS('TL Schedule'!$C:$C,$A42,'TL Schedule'!$K:$K,$C$2,'TL Schedule'!$J:$J,">0")) | J42: =IF($A42="","",IFERROR(TEXTJOIN(", ",TRUE,UNIQUE(FILTER(Schedule!$D$2:$D50000,Schedule!$G$2:$G50000=$A42,Schedule!$P$2:$P50000>0,((Schedule!$U$2:$U50000=$B$2)+(Schedule!$U$2:$U50000=$C$2))))),""))
A43: TL-John | B43: =IF($A43="","",SUMIFS(Schedule!$P:$P,Schedule!$G:$G,$A43,Schedule!$U:$U,$B$2)+SUMIFS('TL Schedule'!$J:$J,'TL Schedule'!$C:$C,$A43,'TL Schedule'!$K:$K,$B$2)) | C43: =IF($A43="","",SUMIFS(Schedule!$P:$P,Schedule!$G:$G,$A43,Schedule!$U:$U,$C$2)+SUMIFS('TL Schedule'!$J:$J,'TL Schedule'!$C:$C,$A43,'TL Schedule'!$K:$K,$C$2)) | D43: =IF($A43="","",B43+C43) | E43: =IF($A43="","",SUMIFS(Overtime!$H:$H,Overtime!$B:$B,$A43,Overtime!$N:$N,$B$2)+SUMIFS(Overtime!$H:$H,Overtime!$B:$B,$A43,Overtime!$N:$N,$C$2)) | F43: =IF($A43="","",SUMIFS('Death Penalty'!$E:$E,'Death Penalty'!$B:$B,$A43,'Death Penalty'!$L:$L,$B$2)+SUMIFS('Death Penalty'!$E:$E,'Death Penalty'!$B:$B,$A43,'Death Penalty'!$L:$L,$C$2)) | G43: =IF($A43="","",D43+E43-F43) | H43: =IF($A43="","",SUMIFS(Incentives!$H:$H,Incentives!$B:$B,$A43,Incentives!$N:$N,$B$2)+SUMIFS(Incentives!$H:$H,Incentives!$B:$B,$A43,Incentives!$N:$N,$C$2)) | I43: =IF($A43="","",COUNTIFS(Schedule!$G:$G,$A43,Schedule!$U:$U,$B$2,Schedule!$P:$P,">0")+COUNTIFS('TL Schedule'!$C:$C,$A43,'TL Schedule'!$K:$K,$B$2,'TL Schedule'!$J:$J,">0")+COUNTIFS(Schedule!$G:$G,$A43,Schedule!$U:$U,$C$2,Schedule!$P:$P,">0")+COUNTIFS('TL Schedule'!$C:$C,$A43,'TL Schedule'!$K:$K,$C$2,'TL Schedule'!$J:$J,">0")) | J43: =IF($A43="","",IFERROR(TEXTJOIN(", ",TRUE,UNIQUE(FILTER(Schedule!$D$2:$D50000,Schedule!$G$2:$G50000=$A43,Schedule!$P$2:$P50000>0,((Schedule!$U$2:$U50000=$B$2)+(Schedule!$U$2:$U50000=$C$2))))),""))
A44: Zenron | B44: =IF($A44="","",SUMIFS(Schedule!$P:$P,Schedule!$G:$G,$A44,Schedule!$U:$U,$B$2)+SUMIFS('TL Schedule'!$J:$J,'TL Schedule'!$C:$C,$A44,'TL Schedule'!$K:$K,$B$2)) | C44: =IF($A44="","",SUMIFS(Schedule!$P:$P,Schedule!$G:$G,$A44,Schedule!$U:$U,$C$2)+SUMIFS('TL Schedule'!$J:$J,'TL Schedule'!$C:$C,$A44,'TL Schedule'!$K:$K,$C$2)) | D44: =IF($A44="","",B44+C44) | E44: =IF($A44="","",SUMIFS(Overtime!$H:$H,Overtime!$B:$B,$A44,Overtime!$N:$N,$B$2)+SUMIFS(Overtime!$H:$H,Overtime!$B:$B,$A44,Overtime!$N:$N,$C$2)) | F44: =IF($A44="","",SUMIFS('Death Penalty'!$E:$E,'Death Penalty'!$B:$B,$A44,'Death Penalty'!$L:$L,$B$2)+SUMIFS('Death Penalty'!$E:$E,'Death Penalty'!$B:$B,$A44,'Death Penalty'!$L:$L,$C$2)) | G44: =IF($A44="","",D44+E44-F44) | H44: =IF($A44="","",SUMIFS(Incentives!$H:$H,Incentives!$B:$B,$A44,Incentives!$N:$N,$B$2)+SUMIFS(Incentives!$H:$H,Incentives!$B:$B,$A44,Incentives!$N:$N,$C$2)) | I44: =IF($A44="","",COUNTIFS(Schedule!$G:$G,$A44,Schedule!$U:$U,$B$2,Schedule!$P:$P,">0")+COUNTIFS('TL Schedule'!$C:$C,$A44,'TL Schedule'!$K:$K,$B$2,'TL Schedule'!$J:$J,">0")+COUNTIFS(Schedule!$G:$G,$A44,Schedule!$U:$U,$C$2,Schedule!$P:$P,">0")+COUNTIFS('TL Schedule'!$C:$C,$A44,'TL Schedule'!$K:$K,$C$2,'TL Schedule'!$J:$J,">0")) | J44: =IF($A44="","",IFERROR(TEXTJOIN(", ",TRUE,UNIQUE(FILTER(Schedule!$D$2:$D50000,Schedule!$G$2:$G50000=$A44,Schedule!$P$2:$P50000>0,((Schedule!$U$2:$U50000=$B$2)+(Schedule!$U$2:$U50000=$C$2))))),""))
B45: =IF($A45="","",SUMIFS(Schedule!$P:$P,Schedule!$G:$G,$A45,Schedule!$U:$U,$B$2)+SUMIFS('TL Schedule'!$J:$J,'TL Schedule'!$C:$C,$A45,'TL Schedule'!$K:$K,$B$2)) | C45: =IF($A45="","",SUMIFS(Schedule!$P:$P,Schedule!$G:$G,$A45,Schedule!$U:$U,$C$2)+SUMIFS('TL Schedule'!$J:$J,'TL Schedule'!$C:$C,$A45,'TL Schedule'!$K:$K,$C$2)) | D45: =IF($A45="","",B45+C45) | E45: =IF($A45="","",SUMIFS(Overtime!$H:$H,Overtime!$B:$B,$A45,Overtime!$N:$N,$B$2)+SUMIFS(Overtime!$H:$H,Overtime!$B:$B,$A45,Overtime!$N:$N,$C$2)) | F45: =IF($A45="","",SUMIFS('Death Penalty'!$E:$E,'Death Penalty'!$B:$B,$A45,'Death Penalty'!$L:$L,$B$2)+SUMIFS('Death Penalty'!$E:$E,'Death Penalty'!$B:$B,$A45,'Death Penalty'!$L:$L,$C$2)) | G45: =IF($A45="","",D45+E45-F45) | H45: =IF($A45="","",SUMIFS(Incentives!$H:$H,Incentives!$B:$B,$A45,Incentives!$N:$N,$B$2)+SUMIFS(Incentives!$H:$H,Incentives!$B:$B,$A45,Incentives!$N:$N,$C$2)) | I45: =IF($A45="","",COUNTIFS(Schedule!$G:$G,$A45,Schedule!$U:$U,$B$2,Schedule!$P:$P,">0")+COUNTIFS('TL Schedule'!$C:$C,$A45,'TL Schedule'!$K:$K,$B$2,'TL Schedule'!$J:$J,">0")+COUNTIFS(Schedule!$G:$G,$A45,Schedule!$U:$U,$C$2,Schedule!$P:$P,">0")+COUNTIFS('TL Schedule'!$C:$C,$A45,'TL Schedule'!$K:$K,$C$2,'TL Schedule'!$J:$J,">0")) | J45: =IF($A45="","",IFERROR(TEXTJOIN(", ",TRUE,UNIQUE(FILTER(Schedule!$D$2:$D50000,Schedule!$G$2:$G50000=$A45,Schedule!$P$2:$P50000>0,((Schedule!$U$2:$U50000=$B$2)+(Schedule!$U$2:$U50000=$C$2))))),""))
B46: =IF($A46="","",SUMIFS(Schedule!$P:$P,Schedule!$G:$G,$A46,Schedule!$U:$U,$B$2)+SUMIFS('TL Schedule'!$J:$J,'TL Schedule'!$C:$C,$A46,'TL Schedule'!$K:$K,$B$2)) | C46: =IF($A46="","",SUMIFS(Schedule!$P:$P,Schedule!$G:$G,$A46,Schedule!$U:$U,$C$2)+SUMIFS('TL Schedule'!$J:$J,'TL Schedule'!$C:$C,$A46,'TL Schedule'!$K:$K,$C$2)) | D46: =IF($A46="","",B46+C46) | E46: =IF($A46="","",SUMIFS(Overtime!$H:$H,Overtime!$B:$B,$A46,Overtime!$N:$N,$B$2)+SUMIFS(Overtime!$H:$H,Overtime!$B:$B,$A46,Overtime!$N:$N,$C$2)) | F46: =IF($A46="","",SUMIFS('Death Penalty'!$E:$E,'Death Penalty'!$B:$B,$A46,'Death Penalty'!$L:$L,$B$2)+SUMIFS('Death Penalty'!$E:$E,'Death Penalty'!$B:$B,$A46,'Death Penalty'!$L:$L,$C$2)) | G46: =IF($A46="","",D46+E46-F46) | H46: =IF($A46="","",SUMIFS(Incentives!$H:$H,Incentives!$B:$B,$A46,Incentives!$N:$N,$B$2)+SUMIFS(Incentives!$H:$H,Incentives!$B:$B,$A46,Incentives!$N:$N,$C$2)) | I46: =IF($A46="","",COUNTIFS(Schedule!$G:$G,$A46,Schedule!$U:$U,$B$2,Schedule!$P:$P,">0")+COUNTIFS('TL Schedule'!$C:$C,$A46,'TL Schedule'!$K:$K,$B$2,'TL Schedule'!$J:$J,">0")+COUNTIFS(Schedule!$G:$G,$A46,Schedule!$U:$U,$C$2,Schedule!$P:$P,">0")+COUNTIFS('TL Schedule'!$C:$C,$A46,'TL Schedule'!$K:$K,$C$2,'TL Schedule'!$J:$J,">0")) | J46: =IF($A46="","",IFERROR(TEXTJOIN(", ",TRUE,UNIQUE(FILTER(Schedule!$D$2:$D50000,Schedule!$G$2:$G50000=$A46,Schedule!$P$2:$P50000>0,((Schedule!$U$2:$U50000=$B$2)+(Schedule!$U$2:$U50000=$C$2))))),""))
B47: =IF($A47="","",SUMIFS(Schedule!$P:$P,Schedule!$G:$G,$A47,Schedule!$U:$U,$B$2)+SUMIFS('TL Schedule'!$J:$J,'TL Schedule'!$C:$C,$A47,'TL Schedule'!$K:$K,$B$2)) | C47: =IF($A47="","",SUMIFS(Schedule!$P:$P,Schedule!$G:$G,$A47,Schedule!$U:$U,$C$2)+SUMIFS('TL Schedule'!$J:$J,'TL Schedule'!$C:$C,$A47,'TL Schedule'!$K:$K,$C$2)) | D47: =IF($A47="","",B47+C47) | E47: =IF($A47="","",SUMIFS(Overtime!$H:$H,Overtime!$B:$B,$A47,Overtime!$N:$N,$B$2)+SUMIFS(Overtime!$H:$H,Overtime!$B:$B,$A47,Overtime!$N:$N,$C$2)) | F47: =IF($A47="","",SUMIFS('Death Penalty'!$E:$E,'Death Penalty'!$B:$B,$A47,'Death Penalty'!$L:$L,$B$2)+SUMIFS('Death Penalty'!$E:$E,'Death Penalty'!$B:$B,$A47,'Death Penalty'!$L:$L,$C$2)) | G47: =IF($A47="","",D47+E47-F47) | H47: =IF($A47="","",SUMIFS(Incentives!$H:$H,Incentives!$B:$B,$A47,Incentives!$N:$N,$B$2)+SUMIFS(Incentives!$H:$H,Incentives!$B:$B,$A47,Incentives!$N:$N,$C$2)) | I47: =IF($A47="","",COUNTIFS(Schedule!$G:$G,$A47,Schedule!$U:$U,$B$2,Schedule!$P:$P,">0")+COUNTIFS('TL Schedule'!$C:$C,$A47,'TL Schedule'!$K:$K,$B$2,'TL Schedule'!$J:$J,">0")+COUNTIFS(Schedule!$G:$G,$A47,Schedule!$U:$U,$C$2,Schedule!$P:$P,">0")+COUNTIFS('TL Schedule'!$C:$C,$A47,'TL Schedule'!$K:$K,$C$2,'TL Schedule'!$J:$J,">0")) | J47: =IF($A47="","",IFERROR(TEXTJOIN(", ",TRUE,UNIQUE(FILTER(Schedule!$D$2:$D50000,Schedule!$G$2:$G50000=$A47,Schedule!$P$2:$P50000>0,((Schedule!$U$2:$U50000=$B$2)+(Schedule!$U$2:$U50000=$C$2))))),""))
B48: =IF($A48="","",SUMIFS(Schedule!$P:$P,Schedule!$G:$G,$A48,Schedule!$U:$U,$B$2)+SUMIFS('TL Schedule'!$J:$J,'TL Schedule'!$C:$C,$A48,'TL Schedule'!$K:$K,$B$2)) | C48: =IF($A48="","",SUMIFS(Schedule!$P:$P,Schedule!$G:$G,$A48,Schedule!$U:$U,$C$2)+SUMIFS('TL Schedule'!$J:$J,'TL Schedule'!$C:$C,$A48,'TL Schedule'!$K:$K,$C$2)) | D48: =IF($A48="","",B48+C48) | E48: =IF($A48="","",SUMIFS(Overtime!$H:$H,Overtime!$B:$B,$A48,Overtime!$N:$N,$B$2)+SUMIFS(Overtime!$H:$H,Overtime!$B:$B,$A48,Overtime!$N:$N,$C$2)) | F48: =IF($A48="","",SUMIFS('Death Penalty'!$E:$E,'Death Penalty'!$B:$B,$A48,'Death Penalty'!$L:$L,$B$2)+SUMIFS('Death Penalty'!$E:$E,'Death Penalty'!$B:$B,$A48,'Death Penalty'!$L:$L,$C$2)) | G48: =IF($A48="","",D48+E48-F48) | H48: =IF($A48="","",SUMIFS(Incentives!$H:$H,Incentives!$B:$B,$A48,Incentives!$N:$N,$B$2)+SUMIFS(Incentives!$H:$H,Incentives!$B:$B,$A48,Incentives!$N:$N,$C$2)) | I48: =IF($A48="","",COUNTIFS(Schedule!$G:$G,$A48,Schedule!$U:$U,$B$2,Schedule!$P:$P,">0")+COUNTIFS('TL Schedule'!$C:$C,$A48,'TL Schedule'!$K:$K,$B$2,'TL Schedule'!$J:$J,">0")+COUNTIFS(Schedule!$G:$G,$A48,Schedule!$U:$U,$C$2,Schedule!$P:$P,">0")+COUNTIFS('TL Schedule'!$C:$C,$A48,'TL Schedule'!$K:$K,$C$2,'TL Schedule'!$J:$J,">0")) | J48: =IF($A48="","",IFERROR(TEXTJOIN(", ",TRUE,UNIQUE(FILTER(Schedule!$D$2:$D50000,Schedule!$G$2:$G50000=$A48,Schedule!$P$2:$P50000>0,((Schedule!$U$2:$U50000=$B$2)+(Schedule!$U$2:$U50000=$C$2))))),""))
B49: =IF($A49="","",SUMIFS(Schedule!$P:$P,Schedule!$G:$G,$A49,Schedule!$U:$U,$B$2)+SUMIFS('TL Schedule'!$J:$J,'TL Schedule'!$C:$C,$A49,'TL Schedule'!$K:$K,$B$2)) | C49: =IF($A49="","",SUMIFS(Schedule!$P:$P,Schedule!$G:$G,$A49,Schedule!$U:$U,$C$2)+SUMIFS('TL Schedule'!$J:$J,'TL Schedule'!$C:$C,$A49,'TL Schedule'!$K:$K,$C$2)) | D49: =IF($A49="","",B49+C49) | E49: =IF($A49="","",SUMIFS(Overtime!$H:$H,Overtime!$B:$B,$A49,Overtime!$N:$N,$B$2)+SUMIFS(Overtime!$H:$H,Overtime!$B:$B,$A49,Overtime!$N:$N,$C$2)) | F49: =IF($A49="","",SUMIFS('Death Penalty'!$E:$E,'Death Penalty'!$B:$B,$A49,'Death Penalty'!$L:$L,$B$2)+SUMIFS('Death Penalty'!$E:$E,'Death Penalty'!$B:$B,$A49,'Death Penalty'!$L:$L,$C$2)) | G49: =IF($A49="","",D49+E49-F49) | H49: =IF($A49="","",SUMIFS(Incentives!$H:$H,Incentives!$B:$B,$A49,Incentives!$N:$N,$B$2)+SUMIFS(Incentives!$H:$H,Incentives!$B:$B,$A49,Incentives!$N:$N,$C$2)) | I49: =IF($A49="","",COUNTIFS(Schedule!$G:$G,$A49,Schedule!$U:$U,$B$2,Schedule!$P:$P,">0")+COUNTIFS('TL Schedule'!$C:$C,$A49,'TL Schedule'!$K:$K,$B$2,'TL Schedule'!$J:$J,">0")+COUNTIFS(Schedule!$G:$G,$A49,Schedule!$U:$U,$C$2,Schedule!$P:$P,">0")+COUNTIFS('TL Schedule'!$C:$C,$A49,'TL Schedule'!$K:$K,$C$2,'TL Schedule'!$J:$J,">0")) | J49: =IF($A49="","",IFERROR(TEXTJOIN(", ",TRUE,UNIQUE(FILTER(Schedule!$D$2:$D50000,Schedule!$G$2:$G50000=$A49,Schedule!$P$2:$P50000>0,((Schedule!$U$2:$U50000=$B$2)+(Schedule!$U$2:$U50000=$C$2))))),""))
B50: =IF($A50="","",SUMIFS(Schedule!$P:$P,Schedule!$G:$G,$A50,Schedule!$U:$U,$B$2)+SUMIFS('TL Schedule'!$J:$J,'TL Schedule'!$C:$C,$A50,'TL Schedule'!$K:$K,$B$2)) | C50: =IF($A50="","",SUMIFS(Schedule!$P:$P,Schedule!$G:$G,$A50,Schedule!$U:$U,$C$2)+SUMIFS('TL Schedule'!$J:$J,'TL Schedule'!$C:$C,$A50,'TL Schedule'!$K:$K,$C$2)) | D50: =IF($A50="","",B50+C50) | E50: =IF($A50="","",SUMIFS(Overtime!$H:$H,Overtime!$B:$B,$A50,Overtime!$N:$N,$B$2)+SUMIFS(Overtime!$H:$H,Overtime!$B:$B,$A50,Overtime!$N:$N,$C$2)) | F50: =IF($A50="","",SUMIFS('Death Penalty'!$E:$E,'Death Penalty'!$B:$B,$A50,'Death Penalty'!$L:$L,$B$2)+SUMIFS('Death Penalty'!$E:$E,'Death Penalty'!$B:$B,$A50,'Death Penalty'!$L:$L,$C$2)) | G50: =IF($A50="","",D50+E50-F50) | H50: =IF($A50="","",SUMIFS(Incentives!$H:$H,Incentives!$B:$B,$A50,Incentives!$N:$N,$B$2)+SUMIFS(Incentives!$H:$H,Incentives!$B:$B,$A50,Incentives!$N:$N,$C$2)) | I50: =IF($A50="","",COUNTIFS(Schedule!$G:$G,$A50,Schedule!$U:$U,$B$2,Schedule!$P:$P,">0")+COUNTIFS('TL Schedule'!$C:$C,$A50,'TL Schedule'!$K:$K,$B$2,'TL Schedule'!$J:$J,">0")+COUNTIFS(Schedule!$G:$G,$A50,Schedule!$U:$U,$C$2,Schedule!$P:$P,">0")+COUNTIFS('TL Schedule'!$C:$C,$A50,'TL Schedule'!$K:$K,$C$2,'TL Schedule'!$J:$J,">0")) | J50: =IF($A50="","",IFERROR(TEXTJOIN(", ",TRUE,UNIQUE(FILTER(Schedule!$D$2:$D50000,Schedule!$G$2:$G50000=$A50,Schedule!$P$2:$P50000>0,((Schedule!$U$2:$U50000=$B$2)+(Schedule!$U$2:$U50000=$C$2))))),""))
B51: =IF($A51="","",SUMIFS(Schedule!$P:$P,Schedule!$G:$G,$A51,Schedule!$U:$U,$B$2)+SUMIFS('TL Schedule'!$J:$J,'TL Schedule'!$C:$C,$A51,'TL Schedule'!$K:$K,$B$2)) | C51: =IF($A51="","",SUMIFS(Schedule!$P:$P,Schedule!$G:$G,$A51,Schedule!$U:$U,$C$2)+SUMIFS('TL Schedule'!$J:$J,'TL Schedule'!$C:$C,$A51,'TL Schedule'!$K:$K,$C$2)) | D51: =IF($A51="","",B51+C51) | E51: =IF($A51="","",SUMIFS(Overtime!$H:$H,Overtime!$B:$B,$A51,Overtime!$N:$N,$B$2)+SUMIFS(Overtime!$H:$H,Overtime!$B:$B,$A51,Overtime!$N:$N,$C$2)) | F51: =IF($A51="","",SUMIFS('Death Penalty'!$E:$E,'Death Penalty'!$B:$B,$A51,'Death Penalty'!$L:$L,$B$2)+SUMIFS('Death Penalty'!$E:$E,'Death Penalty'!$B:$B,$A51,'Death Penalty'!$L:$L,$C$2)) | G51: =IF($A51="","",D51+E51-F51) | H51: =IF($A51="","",SUMIFS(Incentives!$H:$H,Incentives!$B:$B,$A51,Incentives!$N:$N,$B$2)+SUMIFS(Incentives!$H:$H,Incentives!$B:$B,$A51,Incentives!$N:$N,$C$2)) | I51: =IF($A51="","",COUNTIFS(Schedule!$G:$G,$A51,Schedule!$U:$U,$B$2,Schedule!$P:$P,">0")+COUNTIFS('TL Schedule'!$C:$C,$A51,'TL Schedule'!$K:$K,$B$2,'TL Schedule'!$J:$J,">0")+COUNTIFS(Schedule!$G:$G,$A51,Schedule!$U:$U,$C$2,Schedule!$P:$P,">0")+COUNTIFS('TL Schedule'!$C:$C,$A51,'TL Schedule'!$K:$K,$C$2,'TL Schedule'!$J:$J,">0")) | J51: =IF($A51="","",IFERROR(TEXTJOIN(", ",TRUE,UNIQUE(FILTER(Schedule!$D$2:$D50000,Schedule!$G$2:$G50000=$A51,Schedule!$P$2:$P50000>0,((Schedule!$U$2:$U50000=$B$2)+(Schedule!$U$2:$U50000=$C$2))))),""))
B52: =IF($A52="","",SUMIFS(Schedule!$P:$P,Schedule!$G:$G,$A52,Schedule!$U:$U,$B$2)+SUMIFS('TL Schedule'!$J:$J,'TL Schedule'!$C:$C,$A52,'TL Schedule'!$K:$K,$B$2)) | C52: =IF($A52="","",SUMIFS(Schedule!$P:$P,Schedule!$G:$G,$A52,Schedule!$U:$U,$C$2)+SUMIFS('TL Schedule'!$J:$J,'TL Schedule'!$C:$C,$A52,'TL Schedule'!$K:$K,$C$2)) | D52: =IF($A52="","",B52+C52) | E52: =IF($A52="","",SUMIFS(Overtime!$H:$H,Overtime!$B:$B,$A52,Overtime!$N:$N,$B$2)+SUMIFS(Overtime!$H:$H,Overtime!$B:$B,$A52,Overtime!$N:$N,$C$2)) | F52: =IF($A52="","",SUMIFS('Death Penalty'!$E:$E,'Death Penalty'!$B:$B,$A52,'Death Penalty'!$L:$L,$B$2)+SUMIFS('Death Penalty'!$E:$E,'Death Penalty'!$B:$B,$A52,'Death Penalty'!$L:$L,$C$2)) | G52: =IF($A52="","",D52+E52-F52) | H52: =IF($A52="","",SUMIFS(Incentives!$H:$H,Incentives!$B:$B,$A52,Incentives!$N:$N,$B$2)+SUMIFS(Incentives!$H:$H,Incentives!$B:$B,$A52,Incentives!$N:$N,$C$2)) | I52: =IF($A52="","",COUNTIFS(Schedule!$G:$G,$A52,Schedule!$U:$U,$B$2,Schedule!$P:$P,">0")+COUNTIFS('TL Schedule'!$C:$C,$A52,'TL Schedule'!$K:$K,$B$2,'TL Schedule'!$J:$J,">0")+COUNTIFS(Schedule!$G:$G,$A52,Schedule!$U:$U,$C$2,Schedule!$P:$P,">0")+COUNTIFS('TL Schedule'!$C:$C,$A52,'TL Schedule'!$K:$K,$C$2,'TL Schedule'!$J:$J,">0")) | J52: =IF($A52="","",IFERROR(TEXTJOIN(", ",TRUE,UNIQUE(FILTER(Schedule!$D$2:$D50000,Schedule!$G$2:$G50000=$A52,Schedule!$P$2:$P50000>0,((Schedule!$U$2:$U50000=$B$2)+(Schedule!$U$2:$U50000=$C$2))))),""))
B53: =IF($A53="","",SUMIFS(Schedule!$P:$P,Schedule!$G:$G,$A53,Schedule!$U:$U,$B$2)+SUMIFS('TL Schedule'!$J:$J,'TL Schedule'!$C:$C,$A53,'TL Schedule'!$K:$K,$B$2)) | C53: =IF($A53="","",SUMIFS(Schedule!$P:$P,Schedule!$G:$G,$A53,Schedule!$U:$U,$C$2)+SUMIFS('TL Schedule'!$J:$J,'TL Schedule'!$C:$C,$A53,'TL Schedule'!$K:$K,$C$2)) | D53: =IF($A53="","",B53+C53) | E53: =IF($A53="","",SUMIFS(Overtime!$H:$H,Overtime!$B:$B,$A53,Overtime!$N:$N,$B$2)+SUMIFS(Overtime!$H:$H,Overtime!$B:$B,$A53,Overtime!$N:$N,$C$2)) | F53: =IF($A53="","",SUMIFS('Death Penalty'!$E:$E,'Death Penalty'!$B:$B,$A53,'Death Penalty'!$L:$L,$B$2)+SUMIFS('Death Penalty'!$E:$E,'Death Penalty'!$B:$B,$A53,'Death Penalty'!$L:$L,$C$2)) | G53: =IF($A53="","",D53+E53-F53) | H53: =IF($A53="","",SUMIFS(Incentives!$H:$H,Incentives!$B:$B,$A53,Incentives!$N:$N,$B$2)+SUMIFS(Incentives!$H:$H,Incentives!$B:$B,$A53,Incentives!$N:$N,$C$2)) | I53: =IF($A53="","",COUNTIFS(Schedule!$G:$G,$A53,Schedule!$U:$U,$B$2,Schedule!$P:$P,">0")+COUNTIFS('TL Schedule'!$C:$C,$A53,'TL Schedule'!$K:$K,$B$2,'TL Schedule'!$J:$J,">0")+COUNTIFS(Schedule!$G:$G,$A53,Schedule!$U:$U,$C$2,Schedule!$P:$P,">0")+COUNTIFS('TL Schedule'!$C:$C,$A53,'TL Schedule'!$K:$K,$C$2,'TL Schedule'!$J:$J,">0")) | J53: =IF($A53="","",IFERROR(TEXTJOIN(", ",TRUE,UNIQUE(FILTER(Schedule!$D$2:$D50000,Schedule!$G$2:$G50000=$A53,Schedule!$P$2:$P50000>0,((Schedule!$U$2:$U50000=$B$2)+(Schedule!$U$2:$U50000=$C$2))))),""))
B54: =IF($A54="","",SUMIFS(Schedule!$P:$P,Schedule!$G:$G,$A54,Schedule!$U:$U,$B$2)+SUMIFS('TL Schedule'!$J:$J,'TL Schedule'!$C:$C,$A54,'TL Schedule'!$K:$K,$B$2)) | C54: =IF($A54="","",SUMIFS(Schedule!$P:$P,Schedule!$G:$G,$A54,Schedule!$U:$U,$C$2)+SUMIFS('TL Schedule'!$J:$J,'TL Schedule'!$C:$C,$A54,'TL Schedule'!$K:$K,$C$2)) | D54: =IF($A54="","",B54+C54) | E54: =IF($A54="","",SUMIFS(Overtime!$H:$H,Overtime!$B:$B,$A54,Overtime!$N:$N,$B$2)+SUMIFS(Overtime!$H:$H,Overtime!$B:$B,$A54,Overtime!$N:$N,$C$2)) | F54: =IF($A54="","",SUMIFS('Death Penalty'!$E:$E,'Death Penalty'!$B:$B,$A54,'Death Penalty'!$L:$L,$B$2)+SUMIFS('Death Penalty'!$E:$E,'Death Penalty'!$B:$B,$A54,'Death Penalty'!$L:$L,$C$2)) | G54: =IF($A54="","",D54+E54-F54) | H54: =IF($A54="","",SUMIFS(Incentives!$H:$H,Incentives!$B:$B,$A54,Incentives!$N:$N,$B$2)+SUMIFS(Incentives!$H:$H,Incentives!$B:$B,$A54,Incentives!$N:$N,$C$2)) | I54: =IF($A54="","",COUNTIFS(Schedule!$G:$G,$A54,Schedule!$U:$U,$B$2,Schedule!$P:$P,">0")+COUNTIFS('TL Schedule'!$C:$C,$A54,'TL Schedule'!$K:$K,$B$2,'TL Schedule'!$J:$J,">0")+COUNTIFS(Schedule!$G:$G,$A54,Schedule!$U:$U,$C$2,Schedule!$P:$P,">0")+COUNTIFS('TL Schedule'!$C:$C,$A54,'TL Schedule'!$K:$K,$C$2,'TL Schedule'!$J:$J,">0")) | J54: =IF($A54="","",IFERROR(TEXTJOIN(", ",TRUE,UNIQUE(FILTER(Schedule!$D$2:$D50000,Schedule!$G$2:$G50000=$A54,Schedule!$P$2:$P50000>0,((Schedule!$U$2:$U50000=$B$2)+(Schedule!$U$2:$U50000=$C$2))))),""))
B55: =IF($A55="","",SUMIFS(Schedule!$P:$P,Schedule!$G:$G,$A55,Schedule!$U:$U,$B$2)+SUMIFS('TL Schedule'!$J:$J,'TL Schedule'!$C:$C,$A55,'TL Schedule'!$K:$K,$B$2)) | C55: =IF($A55="","",SUMIFS(Schedule!$P:$P,Schedule!$G:$G,$A55,Schedule!$U:$U,$C$2)+SUMIFS('TL Schedule'!$J:$J,'TL Schedule'!$C:$C,$A55,'TL Schedule'!$K:$K,$C$2)) | D55: =IF($A55="","",B55+C55) | E55: =IF($A55="","",SUMIFS(Overtime!$H:$H,Overtime!$B:$B,$A55,Overtime!$N:$N,$B$2)+SUMIFS(Overtime!$H:$H,Overtime!$B:$B,$A55,Overtime!$N:$N,$C$2)) | F55: =IF($A55="","",SUMIFS('Death Penalty'!$E:$E,'Death Penalty'!$B:$B,$A55,'Death Penalty'!$L:$L,$B$2)+SUMIFS('Death Penalty'!$E:$E,'Death Penalty'!$B:$B,$A55,'Death Penalty'!$L:$L,$C$2)) | G55: =IF($A55="","",D55+E55-F55) | H55: =IF($A55="","",SUMIFS(Incentives!$H:$H,Incentives!$B:$B,$A55,Incentives!$N:$N,$B$2)+SUMIFS(Incentives!$H:$H,Incentives!$B:$B,$A55,Incentives!$N:$N,$C$2)) | I55: =IF($A55="","",COUNTIFS(Schedule!$G:$G,$A55,Schedule!$U:$U,$B$2,Schedule!$P:$P,">0")+COUNTIFS('TL Schedule'!$C:$C,$A55,'TL Schedule'!$K:$K,$B$2,'TL Schedule'!$J:$J,">0")+COUNTIFS(Schedule!$G:$G,$A55,Schedule!$U:$U,$C$2,Schedule!$P:$P,">0")+COUNTIFS('TL Schedule'!$C:$C,$A55,'TL Schedule'!$K:$K,$C$2,'TL Schedule'!$J:$J,">0")) | J55: =IF($A55="","",IFERROR(TEXTJOIN(", ",TRUE,UNIQUE(FILTER(Schedule!$D$2:$D50000,Schedule!$G$2:$G50000=$A55,Schedule!$P$2:$P50000>0,((Schedule!$U$2:$U50000=$B$2)+(Schedule!$U$2:$U50000=$C$2))))),""))
B56: =IF($A56="","",SUMIFS(Schedule!$P:$P,Schedule!$G:$G,$A56,Schedule!$U:$U,$B$2)+SUMIFS('TL Schedule'!$J:$J,'TL Schedule'!$C:$C,$A56,'TL Schedule'!$K:$K,$B$2)) | C56: =IF($A56="","",SUMIFS(Schedule!$P:$P,Schedule!$G:$G,$A56,Schedule!$U:$U,$C$2)+SUMIFS('TL Schedule'!$J:$J,'TL Schedule'!$C:$C,$A56,'TL Schedule'!$K:$K,$C$2)) | D56: =IF($A56="","",B56+C56) | E56: =IF($A56="","",SUMIFS(Overtime!$H:$H,Overtime!$B:$B,$A56,Overtime!$N:$N,$B$2)+SUMIFS(Overtime!$H:$H,Overtime!$B:$B,$A56,Overtime!$N:$N,$C$2)) | F56: =IF($A56="","",SUMIFS('Death Penalty'!$E:$E,'Death Penalty'!$B:$B,$A56,'Death Penalty'!$L:$L,$B$2)+SUMIFS('Death Penalty'!$E:$E,'Death Penalty'!$B:$B,$A56,'Death Penalty'!$L:$L,$C$2)) | G56: =IF($A56="","",D56+E56-F56) | H56: =IF($A56="","",SUMIFS(Incentives!$H:$H,Incentives!$B:$B,$A56,Incentives!$N:$N,$B$2)+SUMIFS(Incentives!$H:$H,Incentives!$B:$B,$A56,Incentives!$N:$N,$C$2)) | I56: =IF($A56="","",COUNTIFS(Schedule!$G:$G,$A56,Schedule!$U:$U,$B$2,Schedule!$P:$P,">0")+COUNTIFS('TL Schedule'!$C:$C,$A56,'TL Schedule'!$K:$K,$B$2,'TL Schedule'!$J:$J,">0")+COUNTIFS(Schedule!$G:$G,$A56,Schedule!$U:$U,$C$2,Schedule!$P:$P,">0")+COUNTIFS('TL Schedule'!$C:$C,$A56,'TL Schedule'!$K:$K,$C$2,'TL Schedule'!$J:$J,">0")) | J56: =IF($A56="","",IFERROR(TEXTJOIN(", ",TRUE,UNIQUE(FILTER(Schedule!$D$2:$D50000,Schedule!$G$2:$G50000=$A56,Schedule!$P$2:$P50000>0,((Schedule!$U$2:$U50000=$B$2)+(Schedule!$U$2:$U50000=$C$2))))),""))
B57: =IF($A57="","",SUMIFS(Schedule!$P:$P,Schedule!$G:$G,$A57,Schedule!$U:$U,$B$2)+SUMIFS('TL Schedule'!$J:$J,'TL Schedule'!$C:$C,$A57,'TL Schedule'!$K:$K,$B$2)) | C57: =IF($A57="","",SUMIFS(Schedule!$P:$P,Schedule!$G:$G,$A57,Schedule!$U:$U,$C$2)+SUMIFS('TL Schedule'!$J:$J,'TL Schedule'!$C:$C,$A57,'TL Schedule'!$K:$K,$C$2)) | D57: =IF($A57="","",B57+C57) | E57: =IF($A57="","",SUMIFS(Overtime!$H:$H,Overtime!$B:$B,$A57,Overtime!$N:$N,$B$2)+SUMIFS(Overtime!$H:$H,Overtime!$B:$B,$A57,Overtime!$N:$N,$C$2)) | F57: =IF($A57="","",SUMIFS('Death Penalty'!$E:$E,'Death Penalty'!$B:$B,$A57,'Death Penalty'!$L:$L,$B$2)+SUMIFS('Death Penalty'!$E:$E,'Death Penalty'!$B:$B,$A57,'Death Penalty'!$L:$L,$C$2)) | G57: =IF($A57="","",D57+E57-F57) | H57: =IF($A57="","",SUMIFS(Incentives!$H:$H,Incentives!$B:$B,$A57,Incentives!$N:$N,$B$2)+SUMIFS(Incentives!$H:$H,Incentives!$B:$B,$A57,Incentives!$N:$N,$C$2)) | I57: =IF($A57="","",COUNTIFS(Schedule!$G:$G,$A57,Schedule!$U:$U,$B$2,Schedule!$P:$P,">0")+COUNTIFS('TL Schedule'!$C:$C,$A57,'TL Schedule'!$K:$K,$B$2,'TL Schedule'!$J:$J,">0")+COUNTIFS(Schedule!$G:$G,$A57,Schedule!$U:$U,$C$2,Schedule!$P:$P,">0")+COUNTIFS('TL Schedule'!$C:$C,$A57,'TL Schedule'!$K:$K,$C$2,'TL Schedule'!$J:$J,">0")) | J57: =IF($A57="","",IFERROR(TEXTJOIN(", ",TRUE,UNIQUE(FILTER(Schedule!$D$2:$D50000,Schedule!$G$2:$G50000=$A57,Schedule!$P$2:$P50000>0,((Schedule!$U$2:$U50000=$B$2)+(Schedule!$U$2:$U50000=$C$2))))),""))
B58: =IF($A58="","",SUMIFS(Schedule!$P:$P,Schedule!$G:$G,$A58,Schedule!$U:$U,$B$2)+SUMIFS('TL Schedule'!$J:$J,'TL Schedule'!$C:$C,$A58,'TL Schedule'!$K:$K,$B$2)) | C58: =IF($A58="","",SUMIFS(Schedule!$P:$P,Schedule!$G:$G,$A58,Schedule!$U:$U,$C$2)+SUMIFS('TL Schedule'!$J:$J,'TL Schedule'!$C:$C,$A58,'TL Schedule'!$K:$K,$C$2)) | D58: =IF($A58="","",B58+C58) | E58: =IF($A58="","",SUMIFS(Overtime!$H:$H,Overtime!$B:$B,$A58,Overtime!$N:$N,$B$2)+SUMIFS(Overtime!$H:$H,Overtime!$B:$B,$A58,Overtime!$N:$N,$C$2)) | F58: =IF($A58="","",SUMIFS('Death Penalty'!$E:$E,'Death Penalty'!$B:$B,$A58,'Death Penalty'!$L:$L,$B$2)+SUMIFS('Death Penalty'!$E:$E,'Death Penalty'!$B:$B,$A58,'Death Penalty'!$L:$L,$C$2)) | G58: =IF($A58="","",D58+E58-F58) | H58: =IF($A58="","",SUMIFS(Incentives!$H:$H,Incentives!$B:$B,$A58,Incentives!$N:$N,$B$2)+SUMIFS(Incentives!$H:$H,Incentives!$B:$B,$A58,Incentives!$N:$N,$C$2)) | I58: =IF($A58="","",COUNTIFS(Schedule!$G:$G,$A58,Schedule!$U:$U,$B$2,Schedule!$P:$P,">0")+COUNTIFS('TL Schedule'!$C:$C,$A58,'TL Schedule'!$K:$K,$B$2,'TL Schedule'!$J:$J,">0")+COUNTIFS(Schedule!$G:$G,$A58,Schedule!$U:$U,$C$2,Schedule!$P:$P,">0")+COUNTIFS('TL Schedule'!$C:$C,$A58,'TL Schedule'!$K:$K,$C$2,'TL Schedule'!$J:$J,">0")) | J58: =IF($A58="","",IFERROR(TEXTJOIN(", ",TRUE,UNIQUE(FILTER(Schedule!$D$2:$D50000,Schedule!$G$2:$G50000=$A58,Schedule!$P$2:$P50000>0,((Schedule!$U$2:$U50000=$B$2)+(Schedule!$U$2:$U50000=$C$2))))),""))
B59: =IF($A59="","",SUMIFS(Schedule!$P:$P,Schedule!$G:$G,$A59,Schedule!$U:$U,$B$2)+SUMIFS('TL Schedule'!$J:$J,'TL Schedule'!$C:$C,$A59,'TL Schedule'!$K:$K,$B$2)) | C59: =IF($A59="","",SUMIFS(Schedule!$P:$P,Schedule!$G:$G,$A59,Schedule!$U:$U,$C$2)+SUMIFS('TL Schedule'!$J:$J,'TL Schedule'!$C:$C,$A59,'TL Schedule'!$K:$K,$C$2)) | D59: =IF($A59="","",B59+C59) | E59: =IF($A59="","",SUMIFS(Overtime!$H:$H,Overtime!$B:$B,$A59,Overtime!$N:$N,$B$2)+SUMIFS(Overtime!$H:$H,Overtime!$B:$B,$A59,Overtime!$N:$N,$C$2)) | F59: =IF($A59="","",SUMIFS('Death Penalty'!$E:$E,'Death Penalty'!$B:$B,$A59,'Death Penalty'!$L:$L,$B$2)+SUMIFS('Death Penalty'!$E:$E,'Death Penalty'!$B:$B,$A59,'Death Penalty'!$L:$L,$C$2)) | G59: =IF($A59="","",D59+E59-F59) | H59: =IF($A59="","",SUMIFS(Incentives!$H:$H,Incentives!$B:$B,$A59,Incentives!$N:$N,$B$2)+SUMIFS(Incentives!$H:$H,Incentives!$B:$B,$A59,Incentives!$N:$N,$C$2)) | I59: =IF($A59="","",COUNTIFS(Schedule!$G:$G,$A59,Schedule!$U:$U,$B$2,Schedule!$P:$P,">0")+COUNTIFS('TL Schedule'!$C:$C,$A59,'TL Schedule'!$K:$K,$B$2,'TL Schedule'!$J:$J,">0")+COUNTIFS(Schedule!$G:$G,$A59,Schedule!$U:$U,$C$2,Schedule!$P:$P,">0")+COUNTIFS('TL Schedule'!$C:$C,$A59,'TL Schedule'!$K:$K,$C$2,'TL Schedule'!$J:$J,">0")) | J59: =IF($A59="","",IFERROR(TEXTJOIN(", ",TRUE,UNIQUE(FILTER(Schedule!$D$2:$D50000,Schedule!$G$2:$G50000=$A59,Schedule!$P$2:$P50000>0,((Schedule!$U$2:$U50000=$B$2)+(Schedule!$U$2:$U50000=$C$2))))),""))
B60: =IF($A60="","",SUMIFS(Schedule!$P:$P,Schedule!$G:$G,$A60,Schedule!$U:$U,$B$2)+SUMIFS('TL Schedule'!$J:$J,'TL Schedule'!$C:$C,$A60,'TL Schedule'!$K:$K,$B$2)) | C60: =IF($A60="","",SUMIFS(Schedule!$P:$P,Schedule!$G:$G,$A60,Schedule!$U:$U,$C$2)+SUMIFS('TL Schedule'!$J:$J,'TL Schedule'!$C:$C,$A60,'TL Schedule'!$K:$K,$C$2)) | D60: =IF($A60="","",B60+C60) | E60: =IF($A60="","",SUMIFS(Overtime!$H:$H,Overtime!$B:$B,$A60,Overtime!$N:$N,$B$2)+SUMIFS(Overtime!$H:$H,Overtime!$B:$B,$A60,Overtime!$N:$N,$C$2)) | F60: =IF($A60="","",SUMIFS('Death Penalty'!$E:$E,'Death Penalty'!$B:$B,$A60,'Death Penalty'!$L:$L,$B$2)+SUMIFS('Death Penalty'!$E:$E,'Death Penalty'!$B:$B,$A60,'Death Penalty'!$L:$L,$C$2)) | G60: =IF($A60="","",D60+E60-F60) | H60: =IF($A60="","",SUMIFS(Incentives!$H:$H,Incentives!$B:$B,$A60,Incentives!$N:$N,$B$2)+SUMIFS(Incentives!$H:$H,Incentives!$B:$B,$A60,Incentives!$N:$N,$C$2)) | I60: =IF($A60="","",COUNTIFS(Schedule!$G:$G,$A60,Schedule!$U:$U,$B$2,Schedule!$P:$P,">0")+COUNTIFS('TL Schedule'!$C:$C,$A60,'TL Schedule'!$K:$K,$B$2,'TL Schedule'!$J:$J,">0")+COUNTIFS(Schedule!$G:$G,$A60,Schedule!$U:$U,$C$2,Schedule!$P:$P,">0")+COUNTIFS('TL Schedule'!$C:$C,$A60,'TL Schedule'!$K:$K,$C$2,'TL Schedule'!$J:$J,">0")) | J60: =IF($A60="","",IFERROR(TEXTJOIN(", ",TRUE,UNIQUE(FILTER(Schedule!$D$2:$D50000,Schedule!$G$2:$G50000=$A60,Schedule!$P$2:$P50000>0,((Schedule!$U$2:$U50000=$B$2)+(Schedule!$U$2:$U50000=$C$2))))),""))
B61: =IF($A61="","",SUMIFS(Schedule!$P:$P,Schedule!$G:$G,$A61,Schedule!$U:$U,$B$2)+SUMIFS('TL Schedule'!$J:$J,'TL Schedule'!$C:$C,$A61,'TL Schedule'!$K:$K,$B$2)) | C61: =IF($A61="","",SUMIFS(Schedule!$P:$P,Schedule!$G:$G,$A61,Schedule!$U:$U,$C$2)+SUMIFS('TL Schedule'!$J:$J,'TL Schedule'!$C:$C,$A61,'TL Schedule'!$K:$K,$C$2)) | D61: =IF($A61="","",B61+C61) | E61: =IF($A61="","",SUMIFS(Overtime!$H:$H,Overtime!$B:$B,$A61,Overtime!$N:$N,$B$2)+SUMIFS(Overtime!$H:$H,Overtime!$B:$B,$A61,Overtime!$N:$N,$C$2)) | F61: =IF($A61="","",SUMIFS('Death Penalty'!$E:$E,'Death Penalty'!$B:$B,$A61,'Death Penalty'!$L:$L,$B$2)+SUMIFS('Death Penalty'!$E:$E,'Death Penalty'!$B:$B,$A61,'Death Penalty'!$L:$L,$C$2)) | G61: =IF($A61="","",D61+E61-F61) | H61: =IF($A61="","",SUMIFS(Incentives!$H:$H,Incentives!$B:$B,$A61,Incentives!$N:$N,$B$2)+SUMIFS(Incentives!$H:$H,Incentives!$B:$B,$A61,Incentives!$N:$N,$C$2)) | I61: =IF($A61="","",COUNTIFS(Schedule!$G:$G,$A61,Schedule!$U:$U,$B$2,Schedule!$P:$P,">0")+COUNTIFS('TL Schedule'!$C:$C,$A61,'TL Schedule'!$K:$K,$B$2,'TL Schedule'!$J:$J,">0")+COUNTIFS(Schedule!$G:$G,$A61,Schedule!$U:$U,$C$2,Schedule!$P:$P,">0")+COUNTIFS('TL Schedule'!$C:$C,$A61,'TL Schedule'!$K:$K,$C$2,'TL Schedule'!$J:$J,">0")) | J61: =IF($A61="","",IFERROR(TEXTJOIN(", ",TRUE,UNIQUE(FILTER(Schedule!$D$2:$D50000,Schedule!$G$2:$G50000=$A61,Schedule!$P$2:$P50000>0,((Schedule!$U$2:$U50000=$B$2)+(Schedule!$U$2:$U50000=$C$2))))),""))
B62: =IF($A62="","",SUMIFS(Schedule!$P:$P,Schedule!$G:$G,$A62,Schedule!$U:$U,$B$2)+SUMIFS('TL Schedule'!$J:$J,'TL Schedule'!$C:$C,$A62,'TL Schedule'!$K:$K,$B$2)) | C62: =IF($A62="","",SUMIFS(Schedule!$P:$P,Schedule!$G:$G,$A62,Schedule!$U:$U,$C$2)+SUMIFS('TL Schedule'!$J:$J,'TL Schedule'!$C:$C,$A62,'TL Schedule'!$K:$K,$C$2)) | D62: =IF($A62="","",B62+C62) | E62: =IF($A62="","",SUMIFS(Overtime!$H:$H,Overtime!$B:$B,$A62,Overtime!$N:$N,$B$2)+SUMIFS(Overtime!$H:$H,Overtime!$B:$B,$A62,Overtime!$N:$N,$C$2)) | F62: =IF($A62="","",SUMIFS('Death Penalty'!$E:$E,'Death Penalty'!$B:$B,$A62,'Death Penalty'!$L:$L,$B$2)+SUMIFS('Death Penalty'!$E:$E,'Death Penalty'!$B:$B,$A62,'Death Penalty'!$L:$L,$C$2)) | G62: =IF($A62="","",D62+E62-F62) | H62: =IF($A62="","",SUMIFS(Incentives!$H:$H,Incentives!$B:$B,$A62,Incentives!$N:$N,$B$2)+SUMIFS(Incentives!$H:$H,Incentives!$B:$B,$A62,Incentives!$N:$N,$C$2)) | I62: =IF($A62="","",COUNTIFS(Schedule!$G:$G,$A62,Schedule!$U:$U,$B$2,Schedule!$P:$P,">0")+COUNTIFS('TL Schedule'!$C:$C,$A62,'TL Schedule'!$K:$K,$B$2,'TL Schedule'!$J:$J,">0")+COUNTIFS(Schedule!$G:$G,$A62,Schedule!$U:$U,$C$2,Schedule!$P:$P,">0")+COUNTIFS('TL Schedule'!$C:$C,$A62,'TL Schedule'!$K:$K,$C$2,'TL Schedule'!$J:$J,">0")) | J62: =IF($A62="","",IFERROR(TEXTJOIN(", ",TRUE,UNIQUE(FILTER(Schedule!$D$2:$D50000,Schedule!$G$2:$G50000=$A62,Schedule!$P$2:$P50000>0,((Schedule!$U$2:$U50000=$B$2)+(Schedule!$U$2:$U50000=$C$2))))),""))
B63: =IF($A63="","",SUMIFS(Schedule!$P:$P,Schedule!$G:$G,$A63,Schedule!$U:$U,$B$2)+SUMIFS('TL Schedule'!$J:$J,'TL Schedule'!$C:$C,$A63,'TL Schedule'!$K:$K,$B$2)) | C63: =IF($A63="","",SUMIFS(Schedule!$P:$P,Schedule!$G:$G,$A63,Schedule!$U:$U,$C$2)+SUMIFS('TL Schedule'!$J:$J,'TL Schedule'!$C:$C,$A63,'TL Schedule'!$K:$K,$C$2)) | D63: =IF($A63="","",B63+C63) | E63: =IF($A63="","",SUMIFS(Overtime!$H:$H,Overtime!$B:$B,$A63,Overtime!$N:$N,$B$2)+SUMIFS(Overtime!$H:$H,Overtime!$B:$B,$A63,Overtime!$N:$N,$C$2)) | F63: =IF($A63="","",SUMIFS('Death Penalty'!$E:$E,'Death Penalty'!$B:$B,$A63,'Death Penalty'!$L:$L,$B$2)+SUMIFS('Death Penalty'!$E:$E,'Death Penalty'!$B:$B,$A63,'Death Penalty'!$L:$L,$C$2)) | G63: =IF($A63="","",D63+E63-F63) | H63: =IF($A63="","",SUMIFS(Incentives!$H:$H,Incentives!$B:$B,$A63,Incentives!$N:$N,$B$2)+SUMIFS(Incentives!$H:$H,Incentives!$B:$B,$A63,Incentives!$N:$N,$C$2)) | I63: =IF($A63="","",COUNTIFS(Schedule!$G:$G,$A63,Schedule!$U:$U,$B$2,Schedule!$P:$P,">0")+COUNTIFS('TL Schedule'!$C:$C,$A63,'TL Schedule'!$K:$K,$B$2,'TL Schedule'!$J:$J,">0")+COUNTIFS(Schedule!$G:$G,$A63,Schedule!$U:$U,$C$2,Schedule!$P:$P,">0")+COUNTIFS('TL Schedule'!$C:$C,$A63,'TL Schedule'!$K:$K,$C$2,'TL Schedule'!$J:$J,">0")) | J63: =IF($A63="","",IFERROR(TEXTJOIN(", ",TRUE,UNIQUE(FILTER(Schedule!$D$2:$D50000,Schedule!$G$2:$G50000=$A63,Schedule!$P$2:$P50000>0,((Schedule!$U$2:$U50000=$B$2)+(Schedule!$U$2:$U50000=$C$2))))),""))
B64: =IF($A64="","",SUMIFS(Schedule!$P:$P,Schedule!$G:$G,$A64,Schedule!$U:$U,$B$2)+SUMIFS('TL Schedule'!$J:$J,'TL Schedule'!$C:$C,$A64,'TL Schedule'!$K:$K,$B$2)) | C64: =IF($A64="","",SUMIFS(Schedule!$P:$P,Schedule!$G:$G,$A64,Schedule!$U:$U,$C$2)+SUMIFS('TL Schedule'!$J:$J,'TL Schedule'!$C:$C,$A64,'TL Schedule'!$K:$K,$C$2)) | D64: =IF($A64="","",B64+C64) | E64: =IF($A64="","",SUMIFS(Overtime!$H:$H,Overtime!$B:$B,$A64,Overtime!$N:$N,$B$2)+SUMIFS(Overtime!$H:$H,Overtime!$B:$B,$A64,Overtime!$N:$N,$C$2)) | F64: =IF($A64="","",SUMIFS('Death Penalty'!$E:$E,'Death Penalty'!$B:$B,$A64,'Death Penalty'!$L:$L,$B$2)+SUMIFS('Death Penalty'!$E:$E,'Death Penalty'!$B:$B,$A64,'Death Penalty'!$L:$L,$C$2)) | G64: =IF($A64="","",D64+E64-F64) | H64: =IF($A64="","",SUMIFS(Incentives!$H:$H,Incentives!$B:$B,$A64,Incentives!$N:$N,$B$2)+SUMIFS(Incentives!$H:$H,Incentives!$B:$B,$A64,Incentives!$N:$N,$C$2)) | I64: =IF($A64="","",COUNTIFS(Schedule!$G:$G,$A64,Schedule!$U:$U,$B$2,Schedule!$P:$P,">0")+COUNTIFS('TL Schedule'!$C:$C,$A64,'TL Schedule'!$K:$K,$B$2,'TL Schedule'!$J:$J,">0")+COUNTIFS(Schedule!$G:$G,$A64,Schedule!$U:$U,$C$2,Schedule!$P:$P,">0")+COUNTIFS('TL Schedule'!$C:$C,$A64,'TL Schedule'!$K:$K,$C$2,'TL Schedule'!$J:$J,">0")) | J64: =IF($A64="","",IFERROR(TEXTJOIN(", ",TRUE,UNIQUE(FILTER(Schedule!$D$2:$D50000,Schedule!$G$2:$G50000=$A64,Schedule!$P$2:$P50000>0,((Schedule!$U$2:$U50000=$B$2)+(Schedule!$U$2:$U50000=$C$2))))),""))
B65: =IF($A65="","",SUMIFS(Schedule!$P:$P,Schedule!$G:$G,$A65,Schedule!$U:$U,$B$2)+SUMIFS('TL Schedule'!$J:$J,'TL Schedule'!$C:$C,$A65,'TL Schedule'!$K:$K,$B$2)) | C65: =IF($A65="","",SUMIFS(Schedule!$P:$P,Schedule!$G:$G,$A65,Schedule!$U:$U,$C$2)+SUMIFS('TL Schedule'!$J:$J,'TL Schedule'!$C:$C,$A65,'TL Schedule'!$K:$K,$C$2)) | D65: =IF($A65="","",B65+C65) | E65: =IF($A65="","",SUMIFS(Overtime!$H:$H,Overtime!$B:$B,$A65,Overtime!$N:$N,$B$2)+SUMIFS(Overtime!$H:$H,Overtime!$B:$B,$A65,Overtime!$N:$N,$C$2)) | F65: =IF($A65="","",SUMIFS('Death Penalty'!$E:$E,'Death Penalty'!$B:$B,$A65,'Death Penalty'!$L:$L,$B$2)+SUMIFS('Death Penalty'!$E:$E,'Death Penalty'!$B:$B,$A65,'Death Penalty'!$L:$L,$C$2)) | G65: =IF($A65="","",D65+E65-F65) | H65: =IF($A65="","",SUMIFS(Incentives!$H:$H,Incentives!$B:$B,$A65,Incentives!$N:$N,$B$2)+SUMIFS(Incentives!$H:$H,Incentives!$B:$B,$A65,Incentives!$N:$N,$C$2)) | I65: =IF($A65="","",COUNTIFS(Schedule!$G:$G,$A65,Schedule!$U:$U,$B$2,Schedule!$P:$P,">0")+COUNTIFS('TL Schedule'!$C:$C,$A65,'TL Schedule'!$K:$K,$B$2,'TL Schedule'!$J:$J,">0")+COUNTIFS(Schedule!$G:$G,$A65,Schedule!$U:$U,$C$2,Schedule!$P:$P,">0")+COUNTIFS('TL Schedule'!$C:$C,$A65,'TL Schedule'!$K:$K,$C$2,'TL Schedule'!$J:$J,">0")) | J65: =IF($A65="","",IFERROR(TEXTJOIN(", ",TRUE,UNIQUE(FILTER(Schedule!$D$2:$D50000,Schedule!$G$2:$G50000=$A65,Schedule!$P$2:$P50000>0,((Schedule!$U$2:$U50000=$B$2)+(Schedule!$U$2:$U50000=$C$2))))),""))
B66: =IF($A66="","",SUMIFS(Schedule!$P:$P,Schedule!$G:$G,$A66,Schedule!$U:$U,$B$2)+SUMIFS('TL Schedule'!$J:$J,'TL Schedule'!$C:$C,$A66,'TL Schedule'!$K:$K,$B$2)) | C66: =IF($A66="","",SUMIFS(Schedule!$P:$P,Schedule!$G:$G,$A66,Schedule!$U:$U,$C$2)+SUMIFS('TL Schedule'!$J:$J,'TL Schedule'!$C:$C,$A66,'TL Schedule'!$K:$K,$C$2)) | D66: =IF($A66="","",B66+C66) | E66: =IF($A66="","",SUMIFS(Overtime!$H:$H,Overtime!$B:$B,$A66,Overtime!$N:$N,$B$2)+SUMIFS(Overtime!$H:$H,Overtime!$B:$B,$A66,Overtime!$N:$N,$C$2)) | F66: =IF($A66="","",SUMIFS('Death Penalty'!$E:$E,'Death Penalty'!$B:$B,$A66,'Death Penalty'!$L:$L,$B$2)+SUMIFS('Death Penalty'!$E:$E,'Death Penalty'!$B:$B,$A66,'Death Penalty'!$L:$L,$C$2)) | G66: =IF($A66="","",D66+E66-F66) | H66: =IF($A66="","",SUMIFS(Incentives!$H:$H,Incentives!$B:$B,$A66,Incentives!$N:$N,$B$2)+SUMIFS(Incentives!$H:$H,Incentives!$B:$B,$A66,Incentives!$N:$N,$C$2)) | I66: =IF($A66="","",COUNTIFS(Schedule!$G:$G,$A66,Schedule!$U:$U,$B$2,Schedule!$P:$P,">0")+COUNTIFS('TL Schedule'!$C:$C,$A66,'TL Schedule'!$K:$K,$B$2,'TL Schedule'!$J:$J,">0")+COUNTIFS(Schedule!$G:$G,$A66,Schedule!$U:$U,$C$2,Schedule!$P:$P,">0")+COUNTIFS('TL Schedule'!$C:$C,$A66,'TL Schedule'!$K:$K,$C$2,'TL Schedule'!$J:$J,">0")) | J66: =IF($A66="","",IFERROR(TEXTJOIN(", ",TRUE,UNIQUE(FILTER(Schedule!$D$2:$D50000,Schedule!$G$2:$G50000=$A66,Schedule!$P$2:$P50000>0,((Schedule!$U$2:$U50000=$B$2)+(Schedule!$U$2:$U50000=$C$2))))),""))
B67: =IF($A67="","",SUMIFS(Schedule!$P:$P,Schedule!$G:$G,$A67,Schedule!$U:$U,$B$2)+SUMIFS('TL Schedule'!$J:$J,'TL Schedule'!$C:$C,$A67,'TL Schedule'!$K:$K,$B$2)) | C67: =IF($A67="","",SUMIFS(Schedule!$P:$P,Schedule!$G:$G,$A67,Schedule!$U:$U,$C$2)+SUMIFS('TL Schedule'!$J:$J,'TL Schedule'!$C:$C,$A67,'TL Schedule'!$K:$K,$C$2)) | D67: =IF($A67="","",B67+C67) | E67: =IF($A67="","",SUMIFS(Overtime!$H:$H,Overtime!$B:$B,$A67,Overtime!$N:$N,$B$2)+SUMIFS(Overtime!$H:$H,Overtime!$B:$B,$A67,Overtime!$N:$N,$C$2)) | F67: =IF($A67="","",SUMIFS('Death Penalty'!$E:$E,'Death Penalty'!$B:$B,$A67,'Death Penalty'!$L:$L,$B$2)+SUMIFS('Death Penalty'!$E:$E,'Death Penalty'!$B:$B,$A67,'Death Penalty'!$L:$L,$C$2)) | G67: =IF($A67="","",D67+E67-F67) | H67: =IF($A67="","",SUMIFS(Incentives!$H:$H,Incentives!$B:$B,$A67,Incentives!$N:$N,$B$2)+SUMIFS(Incentives!$H:$H,Incentives!$B:$B,$A67,Incentives!$N:$N,$C$2)) | I67: =IF($A67="","",COUNTIFS(Schedule!$G:$G,$A67,Schedule!$U:$U,$B$2,Schedule!$P:$P,">0")+COUNTIFS('TL Schedule'!$C:$C,$A67,'TL Schedule'!$K:$K,$B$2,'TL Schedule'!$J:$J,">0")+COUNTIFS(Schedule!$G:$G,$A67,Schedule!$U:$U,$C$2,Schedule!$P:$P,">0")+COUNTIFS('TL Schedule'!$C:$C,$A67,'TL Schedule'!$K:$K,$C$2,'TL Schedule'!$J:$J,">0")) | J67: =IF($A67="","",IFERROR(TEXTJOIN(", ",TRUE,UNIQUE(FILTER(Schedule!$D$2:$D50000,Schedule!$G$2:$G50000=$A67,Schedule!$P$2:$P50000>0,((Schedule!$U$2:$U50000=$B$2)+(Schedule!$U$2:$U50000=$C$2))))),""))
B68: =IF($A68="","",SUMIFS(Schedule!$P:$P,Schedule!$G:$G,$A68,Schedule!$U:$U,$B$2)+SUMIFS('TL Schedule'!$J:$J,'TL Schedule'!$C:$C,$A68,'TL Schedule'!$K:$K,$B$2)) | C68: =IF($A68="","",SUMIFS(Schedule!$P:$P,Schedule!$G:$G,$A68,Schedule!$U:$U,$C$2)+SUMIFS('TL Schedule'!$J:$J,'TL Schedule'!$C:$C,$A68,'TL Schedule'!$K:$K,$C$2)) | D68: =IF($A68="","",B68+C68) | E68: =IF($A68="","",SUMIFS(Overtime!$H:$H,Overtime!$B:$B,$A68,Overtime!$N:$N,$B$2)+SUMIFS(Overtime!$H:$H,Overtime!$B:$B,$A68,Overtime!$N:$N,$C$2)) | F68: =IF($A68="","",SUMIFS('Death Penalty'!$E:$E,'Death Penalty'!$B:$B,$A68,'Death Penalty'!$L:$L,$B$2)+SUMIFS('Death Penalty'!$E:$E,'Death Penalty'!$B:$B,$A68,'Death Penalty'!$L:$L,$C$2)) | G68: =IF($A68="","",D68+E68-F68) | H68: =IF($A68="","",SUMIFS(Incentives!$H:$H,Incentives!$B:$B,$A68,Incentives!$N:$N,$B$2)+SUMIFS(Incentives!$H:$H,Incentives!$B:$B,$A68,Incentives!$N:$N,$C$2)) | I68: =IF($A68="","",COUNTIFS(Schedule!$G:$G,$A68,Schedule!$U:$U,$B$2,Schedule!$P:$P,">0")+COUNTIFS('TL Schedule'!$C:$C,$A68,'TL Schedule'!$K:$K,$B$2,'TL Schedule'!$J:$J,">0")+COUNTIFS(Schedule!$G:$G,$A68,Schedule!$U:$U,$C$2,Schedule!$P:$P,">0")+COUNTIFS('TL Schedule'!$C:$C,$A68,'TL Schedule'!$K:$K,$C$2,'TL Schedule'!$J:$J,">0")) | J68: =IF($A68="","",IFERROR(TEXTJOIN(", ",TRUE,UNIQUE(FILTER(Schedule!$D$2:$D50000,Schedule!$G$2:$G50000=$A68,Schedule!$P$2:$P50000>0,((Schedule!$U$2:$U50000=$B$2)+(Schedule!$U$2:$U50000=$C$2))))),""))
B69: =IF($A69="","",SUMIFS(Schedule!$P:$P,Schedule!$G:$G,$A69,Schedule!$U:$U,$B$2)+SUMIFS('TL Schedule'!$J:$J,'TL Schedule'!$C:$C,$A69,'TL Schedule'!$K:$K,$B$2)) | C69: =IF($A69="","",SUMIFS(Schedule!$P:$P,Schedule!$G:$G,$A69,Schedule!$U:$U,$C$2)+SUMIFS('TL Schedule'!$J:$J,'TL Schedule'!$C:$C,$A69,'TL Schedule'!$K:$K,$C$2)) | D69: =IF($A69="","",B69+C69) | E69: =IF($A69="","",SUMIFS(Overtime!$H:$H,Overtime!$B:$B,$A69,Overtime!$N:$N,$B$2)+SUMIFS(Overtime!$H:$H,Overtime!$B:$B,$A69,Overtime!$N:$N,$C$2)) | F69: =IF($A69="","",SUMIFS('Death Penalty'!$E:$E,'Death Penalty'!$B:$B,$A69,'Death Penalty'!$L:$L,$B$2)+SUMIFS('Death Penalty'!$E:$E,'Death Penalty'!$B:$B,$A69,'Death Penalty'!$L:$L,$C$2)) | G69: =IF($A69="","",D69+E69-F69) | H69: =IF($A69="","",SUMIFS(Incentives!$H:$H,Incentives!$B:$B,$A69,Incentives!$N:$N,$B$2)+SUMIFS(Incentives!$H:$H,Incentives!$B:$B,$A69,Incentives!$N:$N,$C$2)) | I69: =IF($A69="","",COUNTIFS(Schedule!$G:$G,$A69,Schedule!$U:$U,$B$2,Schedule!$P:$P,">0")+COUNTIFS('TL Schedule'!$C:$C,$A69,'TL Schedule'!$K:$K,$B$2,'TL Schedule'!$J:$J,">0")+COUNTIFS(Schedule!$G:$G,$A69,Schedule!$U:$U,$C$2,Schedule!$P:$P,">0")+COUNTIFS('TL Schedule'!$C:$C,$A69,'TL Schedule'!$K:$K,$C$2,'TL Schedule'!$J:$J,">0")) | J69: =IF($A69="","",IFERROR(TEXTJOIN(", ",TRUE,UNIQUE(FILTER(Schedule!$D$2:$D50000,Schedule!$G$2:$G50000=$A69,Schedule!$P$2:$P50000>0,((Schedule!$U$2:$U50000=$B$2)+(Schedule!$U$2:$U50000=$C$2))))),""))
B70: =IF($A70="","",SUMIFS(Schedule!$P:$P,Schedule!$G:$G,$A70,Schedule!$U:$U,$B$2)+SUMIFS('TL Schedule'!$J:$J,'TL Schedule'!$C:$C,$A70,'TL Schedule'!$K:$K,$B$2)) | C70: =IF($A70="","",SUMIFS(Schedule!$P:$P,Schedule!$G:$G,$A70,Schedule!$U:$U,$C$2)+SUMIFS('TL Schedule'!$J:$J,'TL Schedule'!$C:$C,$A70,'TL Schedule'!$K:$K,$C$2)) | D70: =IF($A70="","",B70+C70) | E70: =IF($A70="","",SUMIFS(Overtime!$H:$H,Overtime!$B:$B,$A70,Overtime!$N:$N,$B$2)+SUMIFS(Overtime!$H:$H,Overtime!$B:$B,$A70,Overtime!$N:$N,$C$2)) | F70: =IF($A70="","",SUMIFS('Death Penalty'!$E:$E,'Death Penalty'!$B:$B,$A70,'Death Penalty'!$L:$L,$B$2)+SUMIFS('Death Penalty'!$E:$E,'Death Penalty'!$B:$B,$A70,'Death Penalty'!$L:$L,$C$2)) | G70: =IF($A70="","",D70+E70-F70) | H70: =IF($A70="","",SUMIFS(Incentives!$H:$H,Incentives!$B:$B,$A70,Incentives!$N:$N,$B$2)+SUMIFS(Incentives!$H:$H,Incentives!$B:$B,$A70,Incentives!$N:$N,$C$2)) | I70: =IF($A70="","",COUNTIFS(Schedule!$G:$G,$A70,Schedule!$U:$U,$B$2,Schedule!$P:$P,">0")+COUNTIFS('TL Schedule'!$C:$C,$A70,'TL Schedule'!$K:$K,$B$2,'TL Schedule'!$J:$J,">0")+COUNTIFS(Schedule!$G:$G,$A70,Schedule!$U:$U,$C$2,Schedule!$P:$P,">0")+COUNTIFS('TL Schedule'!$C:$C,$A70,'TL Schedule'!$K:$K,$C$2,'TL Schedule'!$J:$J,">0")) | J70: =IF($A70="","",IFERROR(TEXTJOIN(", ",TRUE,UNIQUE(FILTER(Schedule!$D$2:$D50000,Schedule!$G$2:$G50000=$A70,Schedule!$P$2:$P50000>0,((Schedule!$U$2:$U50000=$B$2)+(Schedule!$U$2:$U50000=$C$2))))),""))
B71: =IF($A71="","",SUMIFS(Schedule!$P:$P,Schedule!$G:$G,$A71,Schedule!$U:$U,$B$2)+SUMIFS('TL Schedule'!$J:$J,'TL Schedule'!$C:$C,$A71,'TL Schedule'!$K:$K,$B$2)) | C71: =IF($A71="","",SUMIFS(Schedule!$P:$P,Schedule!$G:$G,$A71,Schedule!$U:$U,$C$2)+SUMIFS('TL Schedule'!$J:$J,'TL Schedule'!$C:$C,$A71,'TL Schedule'!$K:$K,$C$2)) | D71: =IF($A71="","",B71+C71) | E71: =IF($A71="","",SUMIFS(Overtime!$H:$H,Overtime!$B:$B,$A71,Overtime!$N:$N,$B$2)+SUMIFS(Overtime!$H:$H,Overtime!$B:$B,$A71,Overtime!$N:$N,$C$2)) | F71: =IF($A71="","",SUMIFS('Death Penalty'!$E:$E,'Death Penalty'!$B:$B,$A71,'Death Penalty'!$L:$L,$B$2)+SUMIFS('Death Penalty'!$E:$E,'Death Penalty'!$B:$B,$A71,'Death Penalty'!$L:$L,$C$2)) | G71: =IF($A71="","",D71+E71-F71) | H71: =IF($A71="","",SUMIFS(Incentives!$H:$H,Incentives!$B:$B,$A71,Incentives!$N:$N,$B$2)+SUMIFS(Incentives!$H:$H,Incentives!$B:$B,$A71,Incentives!$N:$N,$C$2)) | I71: =IF($A71="","",COUNTIFS(Schedule!$G:$G,$A71,Schedule!$U:$U,$B$2,Schedule!$P:$P,">0")+COUNTIFS('TL Schedule'!$C:$C,$A71,'TL Schedule'!$K:$K,$B$2,'TL Schedule'!$J:$J,">0")+COUNTIFS(Schedule!$G:$G,$A71,Schedule!$U:$U,$C$2,Schedule!$P:$P,">0")+COUNTIFS('TL Schedule'!$C:$C,$A71,'TL Schedule'!$K:$K,$C$2,'TL Schedule'!$J:$J,">0")) | J71: =IF($A71="","",IFERROR(TEXTJOIN(", ",TRUE,UNIQUE(FILTER(Schedule!$D$2:$D50000,Schedule!$G$2:$G50000=$A71,Schedule!$P$2:$P50000>0,((Schedule!$U$2:$U50000=$B$2)+(Schedule!$U$2:$U50000=$C$2))))),""))
B72: =IF($A72="","",SUMIFS(Schedule!$P:$P,Schedule!$G:$G,$A72,Schedule!$U:$U,$B$2)+SUMIFS('TL Schedule'!$J:$J,'TL Schedule'!$C:$C,$A72,'TL Schedule'!$K:$K,$B$2)) | C72: =IF($A72="","",SUMIFS(Schedule!$P:$P,Schedule!$G:$G,$A72,Schedule!$U:$U,$C$2)+SUMIFS('TL Schedule'!$J:$J,'TL Schedule'!$C:$C,$A72,'TL Schedule'!$K:$K,$C$2)) | D72: =IF($A72="","",B72+C72) | E72: =IF($A72="","",SUMIFS(Overtime!$H:$H,Overtime!$B:$B,$A72,Overtime!$N:$N,$B$2)+SUMIFS(Overtime!$H:$H,Overtime!$B:$B,$A72,Overtime!$N:$N,$C$2)) | F72: =IF($A72="","",SUMIFS('Death Penalty'!$E:$E,'Death Penalty'!$B:$B,$A72,'Death Penalty'!$L:$L,$B$2)+SUMIFS('Death Penalty'!$E:$E,'Death Penalty'!$B:$B,$A72,'Death Penalty'!$L:$L,$C$2)) | G72: =IF($A72="","",D72+E72-F72) | H72: =IF($A72="","",SUMIFS(Incentives!$H:$H,Incentives!$B:$B,$A72,Incentives!$N:$N,$B$2)+SUMIFS(Incentives!$H:$H,Incentives!$B:$B,$A72,Incentives!$N:$N,$C$2)) | I72: =IF($A72="","",COUNTIFS(Schedule!$G:$G,$A72,Schedule!$U:$U,$B$2,Schedule!$P:$P,">0")+COUNTIFS('TL Schedule'!$C:$C,$A72,'TL Schedule'!$K:$K,$B$2,'TL Schedule'!$J:$J,">0")+COUNTIFS(Schedule!$G:$G,$A72,Schedule!$U:$U,$C$2,Schedule!$P:$P,">0")+COUNTIFS('TL Schedule'!$C:$C,$A72,'TL Schedule'!$K:$K,$C$2,'TL Schedule'!$J:$J,">0")) | J72: =IF($A72="","",IFERROR(TEXTJOIN(", ",TRUE,UNIQUE(FILTER(Schedule!$D$2:$D50000,Schedule!$G$2:$G50000=$A72,Schedule!$P$2:$P50000>0,((Schedule!$U$2:$U50000=$B$2)+(Schedule!$U$2:$U50000=$C$2))))),""))
B73: =IF($A73="","",SUMIFS(Schedule!$P:$P,Schedule!$G:$G,$A73,Schedule!$U:$U,$B$2)+SUMIFS('TL Schedule'!$J:$J,'TL Schedule'!$C:$C,$A73,'TL Schedule'!$K:$K,$B$2)) | C73: =IF($A73="","",SUMIFS(Schedule!$P:$P,Schedule!$G:$G,$A73,Schedule!$U:$U,$C$2)+SUMIFS('TL Schedule'!$J:$J,'TL Schedule'!$C:$C,$A73,'TL Schedule'!$K:$K,$C$2)) | D73: =IF($A73="","",B73+C73) | E73: =IF($A73="","",SUMIFS(Overtime!$H:$H,Overtime!$B:$B,$A73,Overtime!$N:$N,$B$2)+SUMIFS(Overtime!$H:$H,Overtime!$B:$B,$A73,Overtime!$N:$N,$C$2)) | F73: =IF($A73="","",SUMIFS('Death Penalty'!$E:$E,'Death Penalty'!$B:$B,$A73,'Death Penalty'!$L:$L,$B$2)+SUMIFS('Death Penalty'!$E:$E,'Death Penalty'!$B:$B,$A73,'Death Penalty'!$L:$L,$C$2)) | G73: =IF($A73="","",D73+E73-F73) | H73: =IF($A73="","",SUMIFS(Incentives!$H:$H,Incentives!$B:$B,$A73,Incentives!$N:$N,$B$2)+SUMIFS(Incentives!$H:$H,Incentives!$B:$B,$A73,Incentives!$N:$N,$C$2)) | I73: =IF($A73="","",COUNTIFS(Schedule!$G:$G,$A73,Schedule!$U:$U,$B$2,Schedule!$P:$P,">0")+COUNTIFS('TL Schedule'!$C:$C,$A73,'TL Schedule'!$K:$K,$B$2,'TL Schedule'!$J:$J,">0")+COUNTIFS(Schedule!$G:$G,$A73,Schedule!$U:$U,$C$2,Schedule!$P:$P,">0")+COUNTIFS('TL Schedule'!$C:$C,$A73,'TL Schedule'!$K:$K,$C$2,'TL Schedule'!$J:$J,">0")) | J73: =IF($A73="","",IFERROR(TEXTJOIN(", ",TRUE,UNIQUE(FILTER(Schedule!$D$2:$D50000,Schedule!$G$2:$G50000=$A73,Schedule!$P$2:$P50000>0,((Schedule!$U$2:$U50000=$B$2)+(Schedule!$U$2:$U50000=$C$2))))),""))
B74: =IF($A74="","",SUMIFS(Schedule!$P:$P,Schedule!$G:$G,$A74,Schedule!$U:$U,$B$2)+SUMIFS('TL Schedule'!$J:$J,'TL Schedule'!$C:$C,$A74,'TL Schedule'!$K:$K,$B$2)) | C74: =IF($A74="","",SUMIFS(Schedule!$P:$P,Schedule!$G:$G,$A74,Schedule!$U:$U,$C$2)+SUMIFS('TL Schedule'!$J:$J,'TL Schedule'!$C:$C,$A74,'TL Schedule'!$K:$K,$C$2)) | D74: =IF($A74="","",B74+C74) | E74: =IF($A74="","",SUMIFS(Overtime!$H:$H,Overtime!$B:$B,$A74,Overtime!$N:$N,$B$2)+SUMIFS(Overtime!$H:$H,Overtime!$B:$B,$A74,Overtime!$N:$N,$C$2)) | F74: =IF($A74="","",SUMIFS('Death Penalty'!$E:$E,'Death Penalty'!$B:$B,$A74,'Death Penalty'!$L:$L,$B$2)+SUMIFS('Death Penalty'!$E:$E,'Death Penalty'!$B:$B,$A74,'Death Penalty'!$L:$L,$C$2)) | G74: =IF($A74="","",D74+E74-F74) | H74: =IF($A74="","",SUMIFS(Incentives!$H:$H,Incentives!$B:$B,$A74,Incentives!$N:$N,$B$2)+SUMIFS(Incentives!$H:$H,Incentives!$B:$B,$A74,Incentives!$N:$N,$C$2)) | I74: =IF($A74="","",COUNTIFS(Schedule!$G:$G,$A74,Schedule!$U:$U,$B$2,Schedule!$P:$P,">0")+COUNTIFS('TL Schedule'!$C:$C,$A74,'TL Schedule'!$K:$K,$B$2,'TL Schedule'!$J:$J,">0")+COUNTIFS(Schedule!$G:$G,$A74,Schedule!$U:$U,$C$2,Schedule!$P:$P,">0")+COUNTIFS('TL Schedule'!$C:$C,$A74,'TL Schedule'!$K:$K,$C$2,'TL Schedule'!$J:$J,">0")) | J74: =IF($A74="","",IFERROR(TEXTJOIN(", ",TRUE,UNIQUE(FILTER(Schedule!$D$2:$D50000,Schedule!$G$2:$G50000=$A74,Schedule!$P$2:$P50000>0,((Schedule!$U$2:$U50000=$B$2)+(Schedule!$U$2:$U50000=$C$2))))),""))
B75: =IF($A75="","",SUMIFS(Schedule!$P:$P,Schedule!$G:$G,$A75,Schedule!$U:$U,$B$2)+SUMIFS('TL Schedule'!$J:$J,'TL Schedule'!$C:$C,$A75,'TL Schedule'!$K:$K,$B$2)) | C75: =IF($A75="","",SUMIFS(Schedule!$P:$P,Schedule!$G:$G,$A75,Schedule!$U:$U,$C$2)+SUMIFS('TL Schedule'!$J:$J,'TL Schedule'!$C:$C,$A75,'TL Schedule'!$K:$K,$C$2)) | D75: =IF($A75="","",B75+C75) | E75: =IF($A75="","",SUMIFS(Overtime!$H:$H,Overtime!$B:$B,$A75,Overtime!$N:$N,$B$2)+SUMIFS(Overtime!$H:$H,Overtime!$B:$B,$A75,Overtime!$N:$N,$C$2)) | F75: =IF($A75="","",SUMIFS('Death Penalty'!$E:$E,'Death Penalty'!$B:$B,$A75,'Death Penalty'!$L:$L,$B$2)+SUMIFS('Death Penalty'!$E:$E,'Death Penalty'!$B:$B,$A75,'Death Penalty'!$L:$L,$C$2)) | G75: =IF($A75="","",D75+E75-F75) | H75: =IF($A75="","",SUMIFS(Incentives!$H:$H,Incentives!$B:$B,$A75,Incentives!$N:$N,$B$2)+SUMIFS(Incentives!$H:$H,Incentives!$B:$B,$A75,Incentives!$N:$N,$C$2)) | I75: =IF($A75="","",COUNTIFS(Schedule!$G:$G,$A75,Schedule!$U:$U,$B$2,Schedule!$P:$P,">0")+COUNTIFS('TL Schedule'!$C:$C,$A75,'TL Schedule'!$K:$K,$B$2,'TL Schedule'!$J:$J,">0")+COUNTIFS(Schedule!$G:$G,$A75,Schedule!$U:$U,$C$2,Schedule!$P:$P,">0")+COUNTIFS('TL Schedule'!$C:$C,$A75,'TL Schedule'!$K:$K,$C$2,'TL Schedule'!$J:$J,">0")) | J75: =IF($A75="","",IFERROR(TEXTJOIN(", ",TRUE,UNIQUE(FILTER(Schedule!$D$2:$D50000,Schedule!$G$2:$G50000=$A75,Schedule!$P$2:$P50000>0,((Schedule!$U$2:$U50000=$B$2)+(Schedule!$U$2:$U50000=$C$2))))),""))
B76: =IF($A76="","",SUMIFS(Schedule!$P:$P,Schedule!$G:$G,$A76,Schedule!$U:$U,$B$2)+SUMIFS('TL Schedule'!$J:$J,'TL Schedule'!$C:$C,$A76,'TL Schedule'!$K:$K,$B$2)) | C76: =IF($A76="","",SUMIFS(Schedule!$P:$P,Schedule!$G:$G,$A76,Schedule!$U:$U,$C$2)+SUMIFS('TL Schedule'!$J:$J,'TL Schedule'!$C:$C,$A76,'TL Schedule'!$K:$K,$C$2)) | D76: =IF($A76="","",B76+C76) | E76: =IF($A76="","",SUMIFS(Overtime!$H:$H,Overtime!$B:$B,$A76,Overtime!$N:$N,$B$2)+SUMIFS(Overtime!$H:$H,Overtime!$B:$B,$A76,Overtime!$N:$N,$C$2)) | F76: =IF($A76="","",SUMIFS('Death Penalty'!$E:$E,'Death Penalty'!$B:$B,$A76,'Death Penalty'!$L:$L,$B$2)+SUMIFS('Death Penalty'!$E:$E,'Death Penalty'!$B:$B,$A76,'Death Penalty'!$L:$L,$C$2)) | G76: =IF($A76="","",D76+E76-F76) | H76: =IF($A76="","",SUMIFS(Incentives!$H:$H,Incentives!$B:$B,$A76,Incentives!$N:$N,$B$2)+SUMIFS(Incentives!$H:$H,Incentives!$B:$B,$A76,Incentives!$N:$N,$C$2)) | I76: =IF($A76="","",COUNTIFS(Schedule!$G:$G,$A76,Schedule!$U:$U,$B$2,Schedule!$P:$P,">0")+COUNTIFS('TL Schedule'!$C:$C,$A76,'TL Schedule'!$K:$K,$B$2,'TL Schedule'!$J:$J,">0")+COUNTIFS(Schedule!$G:$G,$A76,Schedule!$U:$U,$C$2,Schedule!$P:$P,">0")+COUNTIFS('TL Schedule'!$C:$C,$A76,'TL Schedule'!$K:$K,$C$2,'TL Schedule'!$J:$J,">0")) | J76: =IF($A76="","",IFERROR(TEXTJOIN(", ",TRUE,UNIQUE(FILTER(Schedule!$D$2:$D50000,Schedule!$G$2:$G50000=$A76,Schedule!$P$2:$P50000>0,((Schedule!$U$2:$U50000=$B$2)+(Schedule!$U$2:$U50000=$C$2))))),""))
B77: =IF($A77="","",SUMIFS(Schedule!$P:$P,Schedule!$G:$G,$A77,Schedule!$U:$U,$B$2)+SUMIFS('TL Schedule'!$J:$J,'TL Schedule'!$C:$C,$A77,'TL Schedule'!$K:$K,$B$2)) | C77: =IF($A77="","",SUMIFS(Schedule!$P:$P,Schedule!$G:$G,$A77,Schedule!$U:$U,$C$2)+SUMIFS('TL Schedule'!$J:$J,'TL Schedule'!$C:$C,$A77,'TL Schedule'!$K:$K,$C$2)) | D77: =IF($A77="","",B77+C77) | E77: =IF($A77="","",SUMIFS(Overtime!$H:$H,Overtime!$B:$B,$A77,Overtime!$N:$N,$B$2)+SUMIFS(Overtime!$H:$H,Overtime!$B:$B,$A77,Overtime!$N:$N,$C$2)) | F77: =IF($A77="","",SUMIFS('Death Penalty'!$E:$E,'Death Penalty'!$B:$B,$A77,'Death Penalty'!$L:$L,$B$2)+SUMIFS('Death Penalty'!$E:$E,'Death Penalty'!$B:$B,$A77,'Death Penalty'!$L:$L,$C$2)) | G77: =IF($A77="","",D77+E77-F77) | H77: =IF($A77="","",SUMIFS(Incentives!$H:$H,Incentives!$B:$B,$A77,Incentives!$N:$N,$B$2)+SUMIFS(Incentives!$H:$H,Incentives!$B:$B,$A77,Incentives!$N:$N,$C$2)) | I77: =IF($A77="","",COUNTIFS(Schedule!$G:$G,$A77,Schedule!$U:$U,$B$2,Schedule!$P:$P,">0")+COUNTIFS('TL Schedule'!$C:$C,$A77,'TL Schedule'!$K:$K,$B$2,'TL Schedule'!$J:$J,">0")+COUNTIFS(Schedule!$G:$G,$A77,Schedule!$U:$U,$C$2,Schedule!$P:$P,">0")+COUNTIFS('TL Schedule'!$C:$C,$A77,'TL Schedule'!$K:$K,$C$2,'TL Schedule'!$J:$J,">0")) | J77: =IF($A77="","",IFERROR(TEXTJOIN(", ",TRUE,UNIQUE(FILTER(Schedule!$D$2:$D50000,Schedule!$G$2:$G50000=$A77,Schedule!$P$2:$P50000>0,((Schedule!$U$2:$U50000=$B$2)+(Schedule!$U$2:$U50000=$C$2))))),""))
B78: =IF($A78="","",SUMIFS(Schedule!$P:$P,Schedule!$G:$G,$A78,Schedule!$U:$U,$B$2)+SUMIFS('TL Schedule'!$J:$J,'TL Schedule'!$C:$C,$A78,'TL Schedule'!$K:$K,$B$2)) | C78: =IF($A78="","",SUMIFS(Schedule!$P:$P,Schedule!$G:$G,$A78,Schedule!$U:$U,$C$2)+SUMIFS('TL Schedule'!$J:$J,'TL Schedule'!$C:$C,$A78,'TL Schedule'!$K:$K,$C$2)) | D78: =IF($A78="","",B78+C78) | E78: =IF($A78="","",SUMIFS(Overtime!$H:$H,Overtime!$B:$B,$A78,Overtime!$N:$N,$B$2)+SUMIFS(Overtime!$H:$H,Overtime!$B:$B,$A78,Overtime!$N:$N,$C$2)) | F78: =IF($A78="","",SUMIFS('Death Penalty'!$E:$E,'Death Penalty'!$B:$B,$A78,'Death Penalty'!$L:$L,$B$2)+SUMIFS('Death Penalty'!$E:$E,'Death Penalty'!$B:$B,$A78,'Death Penalty'!$L:$L,$C$2)) | G78: =IF($A78="","",D78+E78-F78) | H78: =IF($A78="","",SUMIFS(Incentives!$H:$H,Incentives!$B:$B,$A78,Incentives!$N:$N,$B$2)+SUMIFS(Incentives!$H:$H,Incentives!$B:$B,$A78,Incentives!$N:$N,$C$2)) | I78: =IF($A78="","",COUNTIFS(Schedule!$G:$G,$A78,Schedule!$U:$U,$B$2,Schedule!$P:$P,">0")+COUNTIFS('TL Schedule'!$C:$C,$A78,'TL Schedule'!$K:$K,$B$2,'TL Schedule'!$J:$J,">0")+COUNTIFS(Schedule!$G:$G,$A78,Schedule!$U:$U,$C$2,Schedule!$P:$P,">0")+COUNTIFS('TL Schedule'!$C:$C,$A78,'TL Schedule'!$K:$K,$C$2,'TL Schedule'!$J:$J,">0")) | J78: =IF($A78="","",IFERROR(TEXTJOIN(", ",TRUE,UNIQUE(FILTER(Schedule!$D$2:$D50000,Schedule!$G$2:$G50000=$A78,Schedule!$P$2:$P50000>0,((Schedule!$U$2:$U50000=$B$2)+(Schedule!$U$2:$U50000=$C$2))))),""))
B79: =IF($A79="","",SUMIFS(Schedule!$P:$P,Schedule!$G:$G,$A79,Schedule!$U:$U,$B$2)+SUMIFS('TL Schedule'!$J:$J,'TL Schedule'!$C:$C,$A79,'TL Schedule'!$K:$K,$B$2)) | C79: =IF($A79="","",SUMIFS(Schedule!$P:$P,Schedule!$G:$G,$A79,Schedule!$U:$U,$C$2)+SUMIFS('TL Schedule'!$J:$J,'TL Schedule'!$C:$C,$A79,'TL Schedule'!$K:$K,$C$2)) | D79: =IF($A79="","",B79+C79) | E79: =IF($A79="","",SUMIFS(Overtime!$H:$H,Overtime!$B:$B,$A79,Overtime!$N:$N,$B$2)+SUMIFS(Overtime!$H:$H,Overtime!$B:$B,$A79,Overtime!$N:$N,$C$2)) | F79: =IF($A79="","",SUMIFS('Death Penalty'!$E:$E,'Death Penalty'!$B:$B,$A79,'Death Penalty'!$L:$L,$B$2)+SUMIFS('Death Penalty'!$E:$E,'Death Penalty'!$B:$B,$A79,'Death Penalty'!$L:$L,$C$2)) | G79: =IF($A79="","",D79+E79-F79) | H79: =IF($A79="","",SUMIFS(Incentives!$H:$H,Incentives!$B:$B,$A79,Incentives!$N:$N,$B$2)+SUMIFS(Incentives!$H:$H,Incentives!$B:$B,$A79,Incentives!$N:$N,$C$2)) | I79: =IF($A79="","",COUNTIFS(Schedule!$G:$G,$A79,Schedule!$U:$U,$B$2,Schedule!$P:$P,">0")+COUNTIFS('TL Schedule'!$C:$C,$A79,'TL Schedule'!$K:$K,$B$2,'TL Schedule'!$J:$J,">0")+COUNTIFS(Schedule!$G:$G,$A79,Schedule!$U:$U,$C$2,Schedule!$P:$P,">0")+COUNTIFS('TL Schedule'!$C:$C,$A79,'TL Schedule'!$K:$K,$C$2,'TL Schedule'!$J:$J,">0")) | J79: =IF($A79="","",IFERROR(TEXTJOIN(", ",TRUE,UNIQUE(FILTER(Schedule!$D$2:$D50000,Schedule!$G$2:$G50000=$A79,Schedule!$P$2:$P50000>0,((Schedule!$U$2:$U50000=$B$2)+(Schedule!$U$2:$U50000=$C$2))))),""))
B80: =IF($A80="","",SUMIFS(Schedule!$P:$P,Schedule!$G:$G,$A80,Schedule!$U:$U,$B$2)+SUMIFS('TL Schedule'!$J:$J,'TL Schedule'!$C:$C,$A80,'TL Schedule'!$K:$K,$B$2)) | C80: =IF($A80="","",SUMIFS(Schedule!$P:$P,Schedule!$G:$G,$A80,Schedule!$U:$U,$C$2)+SUMIFS('TL Schedule'!$J:$J,'TL Schedule'!$C:$C,$A80,'TL Schedule'!$K:$K,$C$2)) | D80: =IF($A80="","",B80+C80) | E80: =IF($A80="","",SUMIFS(Overtime!$H:$H,Overtime!$B:$B,$A80,Overtime!$N:$N,$B$2)+SUMIFS(Overtime!$H:$H,Overtime!$B:$B,$A80,Overtime!$N:$N,$C$2)) | F80: =IF($A80="","",SUMIFS('Death Penalty'!$E:$E,'Death Penalty'!$B:$B,$A80,'Death Penalty'!$L:$L,$B$2)+SUMIFS('Death Penalty'!$E:$E,'Death Penalty'!$B:$B,$A80,'Death Penalty'!$L:$L,$C$2)) | G80: =IF($A80="","",D80+E80-F80) | H80: =IF($A80="","",SUMIFS(Incentives!$H:$H,Incentives!$B:$B,$A80,Incentives!$N:$N,$B$2)+SUMIFS(Incentives!$H:$H,Incentives!$B:$B,$A80,Incentives!$N:$N,$C$2)) | I80: =IF($A80="","",COUNTIFS(Schedule!$G:$G,$A80,Schedule!$U:$U,$B$2,Schedule!$P:$P,">0")+COUNTIFS('TL Schedule'!$C:$C,$A80,'TL Schedule'!$K:$K,$B$2,'TL Schedule'!$J:$J,">0")+COUNTIFS(Schedule!$G:$G,$A80,Schedule!$U:$U,$C$2,Schedule!$P:$P,">0")+COUNTIFS('TL Schedule'!$C:$C,$A80,'TL Schedule'!$K:$K,$C$2,'TL Schedule'!$J:$J,">0")) | J80: =IF($A80="","",IFERROR(TEXTJOIN(", ",TRUE,UNIQUE(FILTER(Schedule!$D$2:$D50000,Schedule!$G$2:$G50000=$A80,Schedule!$P$2:$P50000>0,((Schedule!$U$2:$U50000=$B$2)+(Schedule!$U$2:$U50000=$C$2))))),""))
B81: =IF($A81="","",SUMIFS(Schedule!$P:$P,Schedule!$G:$G,$A81,Schedule!$U:$U,$B$2)+SUMIFS('TL Schedule'!$J:$J,'TL Schedule'!$C:$C,$A81,'TL Schedule'!$K:$K,$B$2)) | C81: =IF($A81="","",SUMIFS(Schedule!$P:$P,Schedule!$G:$G,$A81,Schedule!$U:$U,$C$2)+SUMIFS('TL Schedule'!$J:$J,'TL Schedule'!$C:$C,$A81,'TL Schedule'!$K:$K,$C$2)) | D81: =IF($A81="","",B81+C81) | E81: =IF($A81="","",SUMIFS(Overtime!$H:$H,Overtime!$B:$B,$A81,Overtime!$N:$N,$B$2)+SUMIFS(Overtime!$H:$H,Overtime!$B:$B,$A81,Overtime!$N:$N,$C$2)) | F81: =IF($A81="","",SUMIFS('Death Penalty'!$E:$E,'Death Penalty'!$B:$B,$A81,'Death Penalty'!$L:$L,$B$2)+SUMIFS('Death Penalty'!$E:$E,'Death Penalty'!$B:$B,$A81,'Death Penalty'!$L:$L,$C$2)) | G81: =IF($A81="","",D81+E81-F81) | H81: =IF($A81="","",SUMIFS(Incentives!$H:$H,Incentives!$B:$B,$A81,Incentives!$N:$N,$B$2)+SUMIFS(Incentives!$H:$H,Incentives!$B:$B,$A81,Incentives!$N:$N,$C$2)) | I81: =IF($A81="","",COUNTIFS(Schedule!$G:$G,$A81,Schedule!$U:$U,$B$2,Schedule!$P:$P,">0")+COUNTIFS('TL Schedule'!$C:$C,$A81,'TL Schedule'!$K:$K,$B$2,'TL Schedule'!$J:$J,">0")+COUNTIFS(Schedule!$G:$G,$A81,Schedule!$U:$U,$C$2,Schedule!$P:$P,">0")+COUNTIFS('TL Schedule'!$C:$C,$A81,'TL Schedule'!$K:$K,$C$2,'TL Schedule'!$J:$J,">0")) | J81: =IF($A81="","",IFERROR(TEXTJOIN(", ",TRUE,UNIQUE(FILTER(Schedule!$D$2:$D50000,Schedule!$G$2:$G50000=$A81,Schedule!$P$2:$P50000>0,((Schedule!$U$2:$U50000=$B$2)+(Schedule!$U$2:$U50000=$C$2))))),""))
B82: =IF($A82="","",SUMIFS(Schedule!$P:$P,Schedule!$G:$G,$A82,Schedule!$U:$U,$B$2)+SUMIFS('TL Schedule'!$J:$J,'TL Schedule'!$C:$C,$A82,'TL Schedule'!$K:$K,$B$2)) | C82: =IF($A82="","",SUMIFS(Schedule!$P:$P,Schedule!$G:$G,$A82,Schedule!$U:$U,$C$2)+SUMIFS('TL Schedule'!$J:$J,'TL Schedule'!$C:$C,$A82,'TL Schedule'!$K:$K,$C$2)) | D82: =IF($A82="","",B82+C82) | E82: =IF($A82="","",SUMIFS(Overtime!$H:$H,Overtime!$B:$B,$A82,Overtime!$N:$N,$B$2)+SUMIFS(Overtime!$H:$H,Overtime!$B:$B,$A82,Overtime!$N:$N,$C$2)) | F82: =IF($A82="","",SUMIFS('Death Penalty'!$E:$E,'Death Penalty'!$B:$B,$A82,'Death Penalty'!$L:$L,$B$2)+SUMIFS('Death Penalty'!$E:$E,'Death Penalty'!$B:$B,$A82,'Death Penalty'!$L:$L,$C$2)) | G82: =IF($A82="","",D82+E82-F82) | H82: =IF($A82="","",SUMIFS(Incentives!$H:$H,Incentives!$B:$B,$A82,Incentives!$N:$N,$B$2)+SUMIFS(Incentives!$H:$H,Incentives!$B:$B,$A82,Incentives!$N:$N,$C$2)) | I82: =IF($A82="","",COUNTIFS(Schedule!$G:$G,$A82,Schedule!$U:$U,$B$2,Schedule!$P:$P,">0")+COUNTIFS('TL Schedule'!$C:$C,$A82,'TL Schedule'!$K:$K,$B$2,'TL Schedule'!$J:$J,">0")+COUNTIFS(Schedule!$G:$G,$A82,Schedule!$U:$U,$C$2,Schedule!$P:$P,">0")+COUNTIFS('TL Schedule'!$C:$C,$A82,'TL Schedule'!$K:$K,$C$2,'TL Schedule'!$J:$J,">0")) | J82: =IF($A82="","",IFERROR(TEXTJOIN(", ",TRUE,UNIQUE(FILTER(Schedule!$D$2:$D50000,Schedule!$G$2:$G50000=$A82,Schedule!$P$2:$P50000>0,((Schedule!$U$2:$U50000=$B$2)+(Schedule!$U$2:$U50000=$C$2))))),""))
B83: =IF($A83="","",SUMIFS(Schedule!$P:$P,Schedule!$G:$G,$A83,Schedule!$U:$U,$B$2)+SUMIFS('TL Schedule'!$J:$J,'TL Schedule'!$C:$C,$A83,'TL Schedule'!$K:$K,$B$2)) | C83: =IF($A83="","",SUMIFS(Schedule!$P:$P,Schedule!$G:$G,$A83,Schedule!$U:$U,$C$2)+SUMIFS('TL Schedule'!$J:$J,'TL Schedule'!$C:$C,$A83,'TL Schedule'!$K:$K,$C$2)) | D83: =IF($A83="","",B83+C83) | E83: =IF($A83="","",SUMIFS(Overtime!$H:$H,Overtime!$B:$B,$A83,Overtime!$N:$N,$B$2)+SUMIFS(Overtime!$H:$H,Overtime!$B:$B,$A83,Overtime!$N:$N,$C$2)) | F83: =IF($A83="","",SUMIFS('Death Penalty'!$E:$E,'Death Penalty'!$B:$B,$A83,'Death Penalty'!$L:$L,$B$2)+SUMIFS('Death Penalty'!$E:$E,'Death Penalty'!$B:$B,$A83,'Death Penalty'!$L:$L,$C$2)) | G83: =IF($A83="","",D83+E83-F83) | H83: =IF($A83="","",SUMIFS(Incentives!$H:$H,Incentives!$B:$B,$A83,Incentives!$N:$N,$B$2)+SUMIFS(Incentives!$H:$H,Incentives!$B:$B,$A83,Incentives!$N:$N,$C$2)) | I83: =IF($A83="","",COUNTIFS(Schedule!$G:$G,$A83,Schedule!$U:$U,$B$2,Schedule!$P:$P,">0")+COUNTIFS('TL Schedule'!$C:$C,$A83,'TL Schedule'!$K:$K,$B$2,'TL Schedule'!$J:$J,">0")+COUNTIFS(Schedule!$G:$G,$A83,Schedule!$U:$U,$C$2,Schedule!$P:$P,">0")+COUNTIFS('TL Schedule'!$C:$C,$A83,'TL Schedule'!$K:$K,$C$2,'TL Schedule'!$J:$J,">0")) | J83: =IF($A83="","",IFERROR(TEXTJOIN(", ",TRUE,UNIQUE(FILTER(Schedule!$D$2:$D50000,Schedule!$G$2:$G50000=$A83,Schedule!$P$2:$P50000>0,((Schedule!$U$2:$U50000=$B$2)+(Schedule!$U$2:$U50000=$C$2))))),""))
B84: =IF($A84="","",SUMIFS(Schedule!$P:$P,Schedule!$G:$G,$A84,Schedule!$U:$U,$B$2)+SUMIFS('TL Schedule'!$J:$J,'TL Schedule'!$C:$C,$A84,'TL Schedule'!$K:$K,$B$2)) | C84: =IF($A84="","",SUMIFS(Schedule!$P:$P,Schedule!$G:$G,$A84,Schedule!$U:$U,$C$2)+SUMIFS('TL Schedule'!$J:$J,'TL Schedule'!$C:$C,$A84,'TL Schedule'!$K:$K,$C$2)) | D84: =IF($A84="","",B84+C84) | E84: =IF($A84="","",SUMIFS(Overtime!$H:$H,Overtime!$B:$B,$A84,Overtime!$N:$N,$B$2)+SUMIFS(Overtime!$H:$H,Overtime!$B:$B,$A84,Overtime!$N:$N,$C$2)) | F84: =IF($A84="","",SUMIFS('Death Penalty'!$E:$E,'Death Penalty'!$B:$B,$A84,'Death Penalty'!$L:$L,$B$2)+SUMIFS('Death Penalty'!$E:$E,'Death Penalty'!$B:$B,$A84,'Death Penalty'!$L:$L,$C$2)) | G84: =IF($A84="","",D84+E84-F84) | H84: =IF($A84="","",SUMIFS(Incentives!$H:$H,Incentives!$B:$B,$A84,Incentives!$N:$N,$B$2)+SUMIFS(Incentives!$H:$H,Incentives!$B:$B,$A84,Incentives!$N:$N,$C$2)) | I84: =IF($A84="","",COUNTIFS(Schedule!$G:$G,$A84,Schedule!$U:$U,$B$2,Schedule!$P:$P,">0")+COUNTIFS('TL Schedule'!$C:$C,$A84,'TL Schedule'!$K:$K,$B$2,'TL Schedule'!$J:$J,">0")+COUNTIFS(Schedule!$G:$G,$A84,Schedule!$U:$U,$C$2,Schedule!$P:$P,">0")+COUNTIFS('TL Schedule'!$C:$C,$A84,'TL Schedule'!$K:$K,$C$2,'TL Schedule'!$J:$J,">0")) | J84: =IF($A84="","",IFERROR(TEXTJOIN(", ",TRUE,UNIQUE(FILTER(Schedule!$D$2:$D50000,Schedule!$G$2:$G50000=$A84,Schedule!$P$2:$P50000>0,((Schedule!$U$2:$U50000=$B$2)+(Schedule!$U$2:$U50000=$C$2))))),""))
B85: =IF($A85="","",SUMIFS(Schedule!$P:$P,Schedule!$G:$G,$A85,Schedule!$U:$U,$B$2)+SUMIFS('TL Schedule'!$J:$J,'TL Schedule'!$C:$C,$A85,'TL Schedule'!$K:$K,$B$2)) | C85: =IF($A85="","",SUMIFS(Schedule!$P:$P,Schedule!$G:$G,$A85,Schedule!$U:$U,$C$2)+SUMIFS('TL Schedule'!$J:$J,'TL Schedule'!$C:$C,$A85,'TL Schedule'!$K:$K,$C$2)) | D85: =IF($A85="","",B85+C85) | E85: =IF($A85="","",SUMIFS(Overtime!$H:$H,Overtime!$B:$B,$A85,Overtime!$N:$N,$B$2)+SUMIFS(Overtime!$H:$H,Overtime!$B:$B,$A85,Overtime!$N:$N,$C$2)) | F85: =IF($A85="","",SUMIFS('Death Penalty'!$E:$E,'Death Penalty'!$B:$B,$A85,'Death Penalty'!$L:$L,$B$2)+SUMIFS('Death Penalty'!$E:$E,'Death Penalty'!$B:$B,$A85,'Death Penalty'!$L:$L,$C$2)) | G85: =IF($A85="","",D85+E85-F85) | H85: =IF($A85="","",SUMIFS(Incentives!$H:$H,Incentives!$B:$B,$A85,Incentives!$N:$N,$B$2)+SUMIFS(Incentives!$H:$H,Incentives!$B:$B,$A85,Incentives!$N:$N,$C$2)) | I85: =IF($A85="","",COUNTIFS(Schedule!$G:$G,$A85,Schedule!$U:$U,$B$2,Schedule!$P:$P,">0")+COUNTIFS('TL Schedule'!$C:$C,$A85,'TL Schedule'!$K:$K,$B$2,'TL Schedule'!$J:$J,">0")+COUNTIFS(Schedule!$G:$G,$A85,Schedule!$U:$U,$C$2,Schedule!$P:$P,">0")+COUNTIFS('TL Schedule'!$C:$C,$A85,'TL Schedule'!$K:$K,$C$2,'TL Schedule'!$J:$J,">0")) | J85: =IF($A85="","",IFERROR(TEXTJOIN(", ",TRUE,UNIQUE(FILTER(Schedule!$D$2:$D50000,Schedule!$G$2:$G50000=$A85,Schedule!$P$2:$P50000>0,((Schedule!$U$2:$U50000=$B$2)+(Schedule!$U$2:$U50000=$C$2))))),""))
B86: =IF($A86="","",SUMIFS(Schedule!$P:$P,Schedule!$G:$G,$A86,Schedule!$U:$U,$B$2)+SUMIFS('TL Schedule'!$J:$J,'TL Schedule'!$C:$C,$A86,'TL Schedule'!$K:$K,$B$2)) | C86: =IF($A86="","",SUMIFS(Schedule!$P:$P,Schedule!$G:$G,$A86,Schedule!$U:$U,$C$2)+SUMIFS('TL Schedule'!$J:$J,'TL Schedule'!$C:$C,$A86,'TL Schedule'!$K:$K,$C$2)) | D86: =IF($A86="","",B86+C86) | E86: =IF($A86="","",SUMIFS(Overtime!$H:$H,Overtime!$B:$B,$A86,Overtime!$N:$N,$B$2)+SUMIFS(Overtime!$H:$H,Overtime!$B:$B,$A86,Overtime!$N:$N,$C$2)) | F86: =IF($A86="","",SUMIFS('Death Penalty'!$E:$E,'Death Penalty'!$B:$B,$A86,'Death Penalty'!$L:$L,$B$2)+SUMIFS('Death Penalty'!$E:$E,'Death Penalty'!$B:$B,$A86,'Death Penalty'!$L:$L,$C$2)) | G86: =IF($A86="","",D86+E86-F86) | H86: =IF($A86="","",SUMIFS(Incentives!$H:$H,Incentives!$B:$B,$A86,Incentives!$N:$N,$B$2)+SUMIFS(Incentives!$H:$H,Incentives!$B:$B,$A86,Incentives!$N:$N,$C$2)) | I86: =IF($A86="","",COUNTIFS(Schedule!$G:$G,$A86,Schedule!$U:$U,$B$2,Schedule!$P:$P,">0")+COUNTIFS('TL Schedule'!$C:$C,$A86,'TL Schedule'!$K:$K,$B$2,'TL Schedule'!$J:$J,">0")+COUNTIFS(Schedule!$G:$G,$A86,Schedule!$U:$U,$C$2,Schedule!$P:$P,">0")+COUNTIFS('TL Schedule'!$C:$C,$A86,'TL Schedule'!$K:$K,$C$2,'TL Schedule'!$J:$J,">0")) | J86: =IF($A86="","",IFERROR(TEXTJOIN(", ",TRUE,UNIQUE(FILTER(Schedule!$D$2:$D50000,Schedule!$G$2:$G50000=$A86,Schedule!$P$2:$P50000>0,((Schedule!$U$2:$U50000=$B$2)+(Schedule!$U$2:$U50000=$C$2))))),""))
B87: =IF($A87="","",SUMIFS(Schedule!$P:$P,Schedule!$G:$G,$A87,Schedule!$U:$U,$B$2)+SUMIFS('TL Schedule'!$J:$J,'TL Schedule'!$C:$C,$A87,'TL Schedule'!$K:$K,$B$2)) | C87: =IF($A87="","",SUMIFS(Schedule!$P:$P,Schedule!$G:$G,$A87,Schedule!$U:$U,$C$2)+SUMIFS('TL Schedule'!$J:$J,'TL Schedule'!$C:$C,$A87,'TL Schedule'!$K:$K,$C$2)) | D87: =IF($A87="","",B87+C87) | E87: =IF($A87="","",SUMIFS(Overtime!$H:$H,Overtime!$B:$B,$A87,Overtime!$N:$N,$B$2)+SUMIFS(Overtime!$H:$H,Overtime!$B:$B,$A87,Overtime!$N:$N,$C$2)) | F87: =IF($A87="","",SUMIFS('Death Penalty'!$E:$E,'Death Penalty'!$B:$B,$A87,'Death Penalty'!$L:$L,$B$2)+SUMIFS('Death Penalty'!$E:$E,'Death Penalty'!$B:$B,$A87,'Death Penalty'!$L:$L,$C$2)) | G87: =IF($A87="","",D87+E87-F87) | H87: =IF($A87="","",SUMIFS(Incentives!$H:$H,Incentives!$B:$B,$A87,Incentives!$N:$N,$B$2)+SUMIFS(Incentives!$H:$H,Incentives!$B:$B,$A87,Incentives!$N:$N,$C$2)) | I87: =IF($A87="","",COUNTIFS(Schedule!$G:$G,$A87,Schedule!$U:$U,$B$2,Schedule!$P:$P,">0")+COUNTIFS('TL Schedule'!$C:$C,$A87,'TL Schedule'!$K:$K,$B$2,'TL Schedule'!$J:$J,">0")+COUNTIFS(Schedule!$G:$G,$A87,Schedule!$U:$U,$C$2,Schedule!$P:$P,">0")+COUNTIFS('TL Schedule'!$C:$C,$A87,'TL Schedule'!$K:$K,$C$2,'TL Schedule'!$J:$J,">0")) | J87: =IF($A87="","",IFERROR(TEXTJOIN(", ",TRUE,UNIQUE(FILTER(Schedule!$D$2:$D50000,Schedule!$G$2:$G50000=$A87,Schedule!$P$2:$P50000>0,((Schedule!$U$2:$U50000=$B$2)+(Schedule!$U$2:$U50000=$C$2))))),""))
B88: =IF($A88="","",SUMIFS(Schedule!$P:$P,Schedule!$G:$G,$A88,Schedule!$U:$U,$B$2)+SUMIFS('TL Schedule'!$J:$J,'TL Schedule'!$C:$C,$A88,'TL Schedule'!$K:$K,$B$2)) | C88: =IF($A88="","",SUMIFS(Schedule!$P:$P,Schedule!$G:$G,$A88,Schedule!$U:$U,$C$2)+SUMIFS('TL Schedule'!$J:$J,'TL Schedule'!$C:$C,$A88,'TL Schedule'!$K:$K,$C$2)) | D88: =IF($A88="","",B88+C88) | E88: =IF($A88="","",SUMIFS(Overtime!$H:$H,Overtime!$B:$B,$A88,Overtime!$N:$N,$B$2)+SUMIFS(Overtime!$H:$H,Overtime!$B:$B,$A88,Overtime!$N:$N,$C$2)) | F88: =IF($A88="","",SUMIFS('Death Penalty'!$E:$E,'Death Penalty'!$B:$B,$A88,'Death Penalty'!$L:$L,$B$2)+SUMIFS('Death Penalty'!$E:$E,'Death Penalty'!$B:$B,$A88,'Death Penalty'!$L:$L,$C$2)) | G88: =IF($A88="","",D88+E88-F88) | H88: =IF($A88="","",SUMIFS(Incentives!$H:$H,Incentives!$B:$B,$A88,Incentives!$N:$N,$B$2)+SUMIFS(Incentives!$H:$H,Incentives!$B:$B,$A88,Incentives!$N:$N,$C$2)) | I88: =IF($A88="","",COUNTIFS(Schedule!$G:$G,$A88,Schedule!$U:$U,$B$2,Schedule!$P:$P,">0")+COUNTIFS('TL Schedule'!$C:$C,$A88,'TL Schedule'!$K:$K,$B$2,'TL Schedule'!$J:$J,">0")+COUNTIFS(Schedule!$G:$G,$A88,Schedule!$U:$U,$C$2,Schedule!$P:$P,">0")+COUNTIFS('TL Schedule'!$C:$C,$A88,'TL Schedule'!$K:$K,$C$2,'TL Schedule'!$J:$J,">0")) | J88: =IF($A88="","",IFERROR(TEXTJOIN(", ",TRUE,UNIQUE(FILTER(Schedule!$D$2:$D50000,Schedule!$G$2:$G50000=$A88,Schedule!$P$2:$P50000>0,((Schedule!$U$2:$U50000=$B$2)+(Schedule!$U$2:$U50000=$C$2))))),""))
B89: =IF($A89="","",SUMIFS(Schedule!$P:$P,Schedule!$G:$G,$A89,Schedule!$U:$U,$B$2)+SUMIFS('TL Schedule'!$J:$J,'TL Schedule'!$C:$C,$A89,'TL Schedule'!$K:$K,$B$2)) | C89: =IF($A89="","",SUMIFS(Schedule!$P:$P,Schedule!$G:$G,$A89,Schedule!$U:$U,$C$2)+SUMIFS('TL Schedule'!$J:$J,'TL Schedule'!$C:$C,$A89,'TL Schedule'!$K:$K,$C$2)) | D89: =IF($A89="","",B89+C89) | E89: =IF($A89="","",SUMIFS(Overtime!$H:$H,Overtime!$B:$B,$A89,Overtime!$N:$N,$B$2)+SUMIFS(Overtime!$H:$H,Overtime!$B:$B,$A89,Overtime!$N:$N,$C$2)) | F89: =IF($A89="","",SUMIFS('Death Penalty'!$E:$E,'Death Penalty'!$B:$B,$A89,'Death Penalty'!$L:$L,$B$2)+SUMIFS('Death Penalty'!$E:$E,'Death Penalty'!$B:$B,$A89,'Death Penalty'!$L:$L,$C$2)) | G89: =IF($A89="","",D89+E89-F89) | H89: =IF($A89="","",SUMIFS(Incentives!$H:$H,Incentives!$B:$B,$A89,Incentives!$N:$N,$B$2)+SUMIFS(Incentives!$H:$H,Incentives!$B:$B,$A89,Incentives!$N:$N,$C$2)) | I89: =IF($A89="","",COUNTIFS(Schedule!$G:$G,$A89,Schedule!$U:$U,$B$2,Schedule!$P:$P,">0")+COUNTIFS('TL Schedule'!$C:$C,$A89,'TL Schedule'!$K:$K,$B$2,'TL Schedule'!$J:$J,">0")+COUNTIFS(Schedule!$G:$G,$A89,Schedule!$U:$U,$C$2,Schedule!$P:$P,">0")+COUNTIFS('TL Schedule'!$C:$C,$A89,'TL Schedule'!$K:$K,$C$2,'TL Schedule'!$J:$J,">0")) | J89: =IF($A89="","",IFERROR(TEXTJOIN(", ",TRUE,UNIQUE(FILTER(Schedule!$D$2:$D50000,Schedule!$G$2:$G50000=$A89,Schedule!$P$2:$P50000>0,((Schedule!$U$2:$U50000=$B$2)+(Schedule!$U$2:$U50000=$C$2))))),""))
B90: =IF($A90="","",SUMIFS(Schedule!$P:$P,Schedule!$G:$G,$A90,Schedule!$U:$U,$B$2)+SUMIFS('TL Schedule'!$J:$J,'TL Schedule'!$C:$C,$A90,'TL Schedule'!$K:$K,$B$2)) | C90: =IF($A90="","",SUMIFS(Schedule!$P:$P,Schedule!$G:$G,$A90,Schedule!$U:$U,$C$2)+SUMIFS('TL Schedule'!$J:$J,'TL Schedule'!$C:$C,$A90,'TL Schedule'!$K:$K,$C$2)) | D90: =IF($A90="","",B90+C90) | E90: =IF($A90="","",SUMIFS(Overtime!$H:$H,Overtime!$B:$B,$A90,Overtime!$N:$N,$B$2)+SUMIFS(Overtime!$H:$H,Overtime!$B:$B,$A90,Overtime!$N:$N,$C$2)) | F90: =IF($A90="","",SUMIFS('Death Penalty'!$E:$E,'Death Penalty'!$B:$B,$A90,'Death Penalty'!$L:$L,$B$2)+SUMIFS('Death Penalty'!$E:$E,'Death Penalty'!$B:$B,$A90,'Death Penalty'!$L:$L,$C$2)) | G90: =IF($A90="","",D90+E90-F90) | H90: =IF($A90="","",SUMIFS(Incentives!$H:$H,Incentives!$B:$B,$A90,Incentives!$N:$N,$B$2)+SUMIFS(Incentives!$H:$H,Incentives!$B:$B,$A90,Incentives!$N:$N,$C$2)) | I90: =IF($A90="","",COUNTIFS(Schedule!$G:$G,$A90,Schedule!$U:$U,$B$2,Schedule!$P:$P,">0")+COUNTIFS('TL Schedule'!$C:$C,$A90,'TL Schedule'!$K:$K,$B$2,'TL Schedule'!$J:$J,">0")+COUNTIFS(Schedule!$G:$G,$A90,Schedule!$U:$U,$C$2,Schedule!$P:$P,">0")+COUNTIFS('TL Schedule'!$C:$C,$A90,'TL Schedule'!$K:$K,$C$2,'TL Schedule'!$J:$J,">0")) | J90: =IF($A90="","",IFERROR(TEXTJOIN(", ",TRUE,UNIQUE(FILTER(Schedule!$D$2:$D50000,Schedule!$G$2:$G50000=$A90,Schedule!$P$2:$P50000>0,((Schedule!$U$2:$U50000=$B$2)+(Schedule!$U$2:$U50000=$C$2))))),""))
B91: =IF($A91="","",SUMIFS(Schedule!$P:$P,Schedule!$G:$G,$A91,Schedule!$U:$U,$B$2)+SUMIFS('TL Schedule'!$J:$J,'TL Schedule'!$C:$C,$A91,'TL Schedule'!$K:$K,$B$2)) | C91: =IF($A91="","",SUMIFS(Schedule!$P:$P,Schedule!$G:$G,$A91,Schedule!$U:$U,$C$2)+SUMIFS('TL Schedule'!$J:$J,'TL Schedule'!$C:$C,$A91,'TL Schedule'!$K:$K,$C$2)) | D91: =IF($A91="","",B91+C91) | E91: =IF($A91="","",SUMIFS(Overtime!$H:$H,Overtime!$B:$B,$A91,Overtime!$N:$N,$B$2)+SUMIFS(Overtime!$H:$H,Overtime!$B:$B,$A91,Overtime!$N:$N,$C$2)) | F91: =IF($A91="","",SUMIFS('Death Penalty'!$E:$E,'Death Penalty'!$B:$B,$A91,'Death Penalty'!$L:$L,$B$2)+SUMIFS('Death Penalty'!$E:$E,'Death Penalty'!$B:$B,$A91,'Death Penalty'!$L:$L,$C$2)) | G91: =IF($A91="","",D91+E91-F91) | H91: =IF($A91="","",SUMIFS(Incentives!$H:$H,Incentives!$B:$B,$A91,Incentives!$N:$N,$B$2)+SUMIFS(Incentives!$H:$H,Incentives!$B:$B,$A91,Incentives!$N:$N,$C$2)) | I91: =IF($A91="","",COUNTIFS(Schedule!$G:$G,$A91,Schedule!$U:$U,$B$2,Schedule!$P:$P,">0")+COUNTIFS('TL Schedule'!$C:$C,$A91,'TL Schedule'!$K:$K,$B$2,'TL Schedule'!$J:$J,">0")+COUNTIFS(Schedule!$G:$G,$A91,Schedule!$U:$U,$C$2,Schedule!$P:$P,">0")+COUNTIFS('TL Schedule'!$C:$C,$A91,'TL Schedule'!$K:$K,$C$2,'TL Schedule'!$J:$J,">0")) | J91: =IF($A91="","",IFERROR(TEXTJOIN(", ",TRUE,UNIQUE(FILTER(Schedule!$D$2:$D50000,Schedule!$G$2:$G50000=$A91,Schedule!$P$2:$P50000>0,((Schedule!$U$2:$U50000=$B$2)+(Schedule!$U$2:$U50000=$C$2))))),""))
B92: =IF($A92="","",SUMIFS(Schedule!$P:$P,Schedule!$G:$G,$A92,Schedule!$U:$U,$B$2)+SUMIFS('TL Schedule'!$J:$J,'TL Schedule'!$C:$C,$A92,'TL Schedule'!$K:$K,$B$2)) | C92: =IF($A92="","",SUMIFS(Schedule!$P:$P,Schedule!$G:$G,$A92,Schedule!$U:$U,$C$2)+SUMIFS('TL Schedule'!$J:$J,'TL Schedule'!$C:$C,$A92,'TL Schedule'!$K:$K,$C$2)) | D92: =IF($A92="","",B92+C92) | E92: =IF($A92="","",SUMIFS(Overtime!$H:$H,Overtime!$B:$B,$A92,Overtime!$N:$N,$B$2)+SUMIFS(Overtime!$H:$H,Overtime!$B:$B,$A92,Overtime!$N:$N,$C$2)) | F92: =IF($A92="","",SUMIFS('Death Penalty'!$E:$E,'Death Penalty'!$B:$B,$A92,'Death Penalty'!$L:$L,$B$2)+SUMIFS('Death Penalty'!$E:$E,'Death Penalty'!$B:$B,$A92,'Death Penalty'!$L:$L,$C$2)) | G92: =IF($A92="","",D92+E92-F92) | H92: =IF($A92="","",SUMIFS(Incentives!$H:$H,Incentives!$B:$B,$A92,Incentives!$N:$N,$B$2)+SUMIFS(Incentives!$H:$H,Incentives!$B:$B,$A92,Incentives!$N:$N,$C$2)) | I92: =IF($A92="","",COUNTIFS(Schedule!$G:$G,$A92,Schedule!$U:$U,$B$2,Schedule!$P:$P,">0")+COUNTIFS('TL Schedule'!$C:$C,$A92,'TL Schedule'!$K:$K,$B$2,'TL Schedule'!$J:$J,">0")+COUNTIFS(Schedule!$G:$G,$A92,Schedule!$U:$U,$C$2,Schedule!$P:$P,">0")+COUNTIFS('TL Schedule'!$C:$C,$A92,'TL Schedule'!$K:$K,$C$2,'TL Schedule'!$J:$J,">0")) | J92: =IF($A92="","",IFERROR(TEXTJOIN(", ",TRUE,UNIQUE(FILTER(Schedule!$D$2:$D50000,Schedule!$G$2:$G50000=$A92,Schedule!$P$2:$P50000>0,((Schedule!$U$2:$U50000=$B$2)+(Schedule!$U$2:$U50000=$C$2))))),""))
B93: =IF($A93="","",SUMIFS(Schedule!$P:$P,Schedule!$G:$G,$A93,Schedule!$U:$U,$B$2)+SUMIFS('TL Schedule'!$J:$J,'TL Schedule'!$C:$C,$A93,'TL Schedule'!$K:$K,$B$2)) | C93: =IF($A93="","",SUMIFS(Schedule!$P:$P,Schedule!$G:$G,$A93,Schedule!$U:$U,$C$2)+SUMIFS('TL Schedule'!$J:$J,'TL Schedule'!$C:$C,$A93,'TL Schedule'!$K:$K,$C$2)) | D93: =IF($A93="","",B93+C93) | E93: =IF($A93="","",SUMIFS(Overtime!$H:$H,Overtime!$B:$B,$A93,Overtime!$N:$N,$B$2)+SUMIFS(Overtime!$H:$H,Overtime!$B:$B,$A93,Overtime!$N:$N,$C$2)) | F93: =IF($A93="","",SUMIFS('Death Penalty'!$E:$E,'Death Penalty'!$B:$B,$A93,'Death Penalty'!$L:$L,$B$2)+SUMIFS('Death Penalty'!$E:$E,'Death Penalty'!$B:$B,$A93,'Death Penalty'!$L:$L,$C$2)) | G93: =IF($A93="","",D93+E93-F93) | H93: =IF($A93="","",SUMIFS(Incentives!$H:$H,Incentives!$B:$B,$A93,Incentives!$N:$N,$B$2)+SUMIFS(Incentives!$H:$H,Incentives!$B:$B,$A93,Incentives!$N:$N,$C$2)) | I93: =IF($A93="","",COUNTIFS(Schedule!$G:$G,$A93,Schedule!$U:$U,$B$2,Schedule!$P:$P,">0")+COUNTIFS('TL Schedule'!$C:$C,$A93,'TL Schedule'!$K:$K,$B$2,'TL Schedule'!$J:$J,">0")+COUNTIFS(Schedule!$G:$G,$A93,Schedule!$U:$U,$C$2,Schedule!$P:$P,">0")+COUNTIFS('TL Schedule'!$C:$C,$A93,'TL Schedule'!$K:$K,$C$2,'TL Schedule'!$J:$J,">0")) | J93: =IF($A93="","",IFERROR(TEXTJOIN(", ",TRUE,UNIQUE(FILTER(Schedule!$D$2:$D50000,Schedule!$G$2:$G50000=$A93,Schedule!$P$2:$P50000>0,((Schedule!$U$2:$U50000=$B$2)+(Schedule!$U$2:$U50000=$C$2))))),""))
B94: =IF($A94="","",SUMIFS(Schedule!$P:$P,Schedule!$G:$G,$A94,Schedule!$U:$U,$B$2)+SUMIFS('TL Schedule'!$J:$J,'TL Schedule'!$C:$C,$A94,'TL Schedule'!$K:$K,$B$2)) | C94: =IF($A94="","",SUMIFS(Schedule!$P:$P,Schedule!$G:$G,$A94,Schedule!$U:$U,$C$2)+SUMIFS('TL Schedule'!$J:$J,'TL Schedule'!$C:$C,$A94,'TL Schedule'!$K:$K,$C$2)) | D94: =IF($A94="","",B94+C94) | E94: =IF($A94="","",SUMIFS(Overtime!$H:$H,Overtime!$B:$B,$A94,Overtime!$N:$N,$B$2)+SUMIFS(Overtime!$H:$H,Overtime!$B:$B,$A94,Overtime!$N:$N,$C$2)) | F94: =IF($A94="","",SUMIFS('Death Penalty'!$E:$E,'Death Penalty'!$B:$B,$A94,'Death Penalty'!$L:$L,$B$2)+SUMIFS('Death Penalty'!$E:$E,'Death Penalty'!$B:$B,$A94,'Death Penalty'!$L:$L,$C$2)) | G94: =IF($A94="","",D94+E94-F94) | H94: =IF($A94="","",SUMIFS(Incentives!$H:$H,Incentives!$B:$B,$A94,Incentives!$N:$N,$B$2)+SUMIFS(Incentives!$H:$H,Incentives!$B:$B,$A94,Incentives!$N:$N,$C$2)) | I94: =IF($A94="","",COUNTIFS(Schedule!$G:$G,$A94,Schedule!$U:$U,$B$2,Schedule!$P:$P,">0")+COUNTIFS('TL Schedule'!$C:$C,$A94,'TL Schedule'!$K:$K,$B$2,'TL Schedule'!$J:$J,">0")+COUNTIFS(Schedule!$G:$G,$A94,Schedule!$U:$U,$C$2,Schedule!$P:$P,">0")+COUNTIFS('TL Schedule'!$C:$C,$A94,'TL Schedule'!$K:$K,$C$2,'TL Schedule'!$J:$J,">0")) | J94: =IF($A94="","",IFERROR(TEXTJOIN(", ",TRUE,UNIQUE(FILTER(Schedule!$D$2:$D50000,Schedule!$G$2:$G50000=$A94,Schedule!$P$2:$P50000>0,((Schedule!$U$2:$U50000=$B$2)+(Schedule!$U$2:$U50000=$C$2))))),""))
B95: =IF($A95="","",SUMIFS(Schedule!$P:$P,Schedule!$G:$G,$A95,Schedule!$U:$U,$B$2)+SUMIFS('TL Schedule'!$J:$J,'TL Schedule'!$C:$C,$A95,'TL Schedule'!$K:$K,$B$2)) | C95: =IF($A95="","",SUMIFS(Schedule!$P:$P,Schedule!$G:$G,$A95,Schedule!$U:$U,$C$2)+SUMIFS('TL Schedule'!$J:$J,'TL Schedule'!$C:$C,$A95,'TL Schedule'!$K:$K,$C$2)) | D95: =IF($A95="","",B95+C95) | E95: =IF($A95="","",SUMIFS(Overtime!$H:$H,Overtime!$B:$B,$A95,Overtime!$N:$N,$B$2)+SUMIFS(Overtime!$H:$H,Overtime!$B:$B,$A95,Overtime!$N:$N,$C$2)) | F95: =IF($A95="","",SUMIFS('Death Penalty'!$E:$E,'Death Penalty'!$B:$B,$A95,'Death Penalty'!$L:$L,$B$2)+SUMIFS('Death Penalty'!$E:$E,'Death Penalty'!$B:$B,$A95,'Death Penalty'!$L:$L,$C$2)) | G95: =IF($A95="","",D95+E95-F95) | H95: =IF($A95="","",SUMIFS(Incentives!$H:$H,Incentives!$B:$B,$A95,Incentives!$N:$N,$B$2)+SUMIFS(Incentives!$H:$H,Incentives!$B:$B,$A95,Incentives!$N:$N,$C$2)) | I95: =IF($A95="","",COUNTIFS(Schedule!$G:$G,$A95,Schedule!$U:$U,$B$2,Schedule!$P:$P,">0")+COUNTIFS('TL Schedule'!$C:$C,$A95,'TL Schedule'!$K:$K,$B$2,'TL Schedule'!$J:$J,">0")+COUNTIFS(Schedule!$G:$G,$A95,Schedule!$U:$U,$C$2,Schedule!$P:$P,">0")+COUNTIFS('TL Schedule'!$C:$C,$A95,'TL Schedule'!$K:$K,$C$2,'TL Schedule'!$J:$J,">0")) | J95: =IF($A95="","",IFERROR(TEXTJOIN(", ",TRUE,UNIQUE(FILTER(Schedule!$D$2:$D50000,Schedule!$G$2:$G50000=$A95,Schedule!$P$2:$P50000>0,((Schedule!$U$2:$U50000=$B$2)+(Schedule!$U$2:$U50000=$C$2))))),""))
B96: =IF($A96="","",SUMIFS(Schedule!$P:$P,Schedule!$G:$G,$A96,Schedule!$U:$U,$B$2)+SUMIFS('TL Schedule'!$J:$J,'TL Schedule'!$C:$C,$A96,'TL Schedule'!$K:$K,$B$2)) | C96: =IF($A96="","",SUMIFS(Schedule!$P:$P,Schedule!$G:$G,$A96,Schedule!$U:$U,$C$2)+SUMIFS('TL Schedule'!$J:$J,'TL Schedule'!$C:$C,$A96,'TL Schedule'!$K:$K,$C$2)) | D96: =IF($A96="","",B96+C96) | E96: =IF($A96="","",SUMIFS(Overtime!$H:$H,Overtime!$B:$B,$A96,Overtime!$N:$N,$B$2)+SUMIFS(Overtime!$H:$H,Overtime!$B:$B,$A96,Overtime!$N:$N,$C$2)) | F96: =IF($A96="","",SUMIFS('Death Penalty'!$E:$E,'Death Penalty'!$B:$B,$A96,'Death Penalty'!$L:$L,$B$2)+SUMIFS('Death Penalty'!$E:$E,'Death Penalty'!$B:$B,$A96,'Death Penalty'!$L:$L,$C$2)) | G96: =IF($A96="","",D96+E96-F96) | H96: =IF($A96="","",SUMIFS(Incentives!$H:$H,Incentives!$B:$B,$A96,Incentives!$N:$N,$B$2)+SUMIFS(Incentives!$H:$H,Incentives!$B:$B,$A96,Incentives!$N:$N,$C$2)) | I96: =IF($A96="","",COUNTIFS(Schedule!$G:$G,$A96,Schedule!$U:$U,$B$2,Schedule!$P:$P,">0")+COUNTIFS('TL Schedule'!$C:$C,$A96,'TL Schedule'!$K:$K,$B$2,'TL Schedule'!$J:$J,">0")+COUNTIFS(Schedule!$G:$G,$A96,Schedule!$U:$U,$C$2,Schedule!$P:$P,">0")+COUNTIFS('TL Schedule'!$C:$C,$A96,'TL Schedule'!$K:$K,$C$2,'TL Schedule'!$J:$J,">0")) | J96: =IF($A96="","",IFERROR(TEXTJOIN(", ",TRUE,UNIQUE(FILTER(Schedule!$D$2:$D50000,Schedule!$G$2:$G50000=$A96,Schedule!$P$2:$P50000>0,((Schedule!$U$2:$U50000=$B$2)+(Schedule!$U$2:$U50000=$C$2))))),""))
B97: =IF($A97="","",SUMIFS(Schedule!$P:$P,Schedule!$G:$G,$A97,Schedule!$U:$U,$B$2)+SUMIFS('TL Schedule'!$J:$J,'TL Schedule'!$C:$C,$A97,'TL Schedule'!$K:$K,$B$2)) | C97: =IF($A97="","",SUMIFS(Schedule!$P:$P,Schedule!$G:$G,$A97,Schedule!$U:$U,$C$2)+SUMIFS('TL Schedule'!$J:$J,'TL Schedule'!$C:$C,$A97,'TL Schedule'!$K:$K,$C$2)) | D97: =IF($A97="","",B97+C97) | E97: =IF($A97="","",SUMIFS(Overtime!$H:$H,Overtime!$B:$B,$A97,Overtime!$N:$N,$B$2)+SUMIFS(Overtime!$H:$H,Overtime!$B:$B,$A97,Overtime!$N:$N,$C$2)) | F97: =IF($A97="","",SUMIFS('Death Penalty'!$E:$E,'Death Penalty'!$B:$B,$A97,'Death Penalty'!$L:$L,$B$2)+SUMIFS('Death Penalty'!$E:$E,'Death Penalty'!$B:$B,$A97,'Death Penalty'!$L:$L,$C$2)) | G97: =IF($A97="","",D97+E97-F97) | H97: =IF($A97="","",SUMIFS(Incentives!$H:$H,Incentives!$B:$B,$A97,Incentives!$N:$N,$B$2)+SUMIFS(Incentives!$H:$H,Incentives!$B:$B,$A97,Incentives!$N:$N,$C$2)) | I97: =IF($A97="","",COUNTIFS(Schedule!$G:$G,$A97,Schedule!$U:$U,$B$2,Schedule!$P:$P,">0")+COUNTIFS('TL Schedule'!$C:$C,$A97,'TL Schedule'!$K:$K,$B$2,'TL Schedule'!$J:$J,">0")+COUNTIFS(Schedule!$G:$G,$A97,Schedule!$U:$U,$C$2,Schedule!$P:$P,">0")+COUNTIFS('TL Schedule'!$C:$C,$A97,'TL Schedule'!$K:$K,$C$2,'TL Schedule'!$J:$J,">0")) | J97: =IF($A97="","",IFERROR(TEXTJOIN(", ",TRUE,UNIQUE(FILTER(Schedule!$D$2:$D50000,Schedule!$G$2:$G50000=$A97,Schedule!$P$2:$P50000>0,((Schedule!$U$2:$U50000=$B$2)+(Schedule!$U$2:$U50000=$C$2))))),""))
B98: =IF($A98="","",SUMIFS(Schedule!$P:$P,Schedule!$G:$G,$A98,Schedule!$U:$U,$B$2)+SUMIFS('TL Schedule'!$J:$J,'TL Schedule'!$C:$C,$A98,'TL Schedule'!$K:$K,$B$2)) | C98: =IF($A98="","",SUMIFS(Schedule!$P:$P,Schedule!$G:$G,$A98,Schedule!$U:$U,$C$2)+SUMIFS('TL Schedule'!$J:$J,'TL Schedule'!$C:$C,$A98,'TL Schedule'!$K:$K,$C$2)) | D98: =IF($A98="","",B98+C98) | E98: =IF($A98="","",SUMIFS(Overtime!$H:$H,Overtime!$B:$B,$A98,Overtime!$N:$N,$B$2)+SUMIFS(Overtime!$H:$H,Overtime!$B:$B,$A98,Overtime!$N:$N,$C$2)) | F98: =IF($A98="","",SUMIFS('Death Penalty'!$E:$E,'Death Penalty'!$B:$B,$A98,'Death Penalty'!$L:$L,$B$2)+SUMIFS('Death Penalty'!$E:$E,'Death Penalty'!$B:$B,$A98,'Death Penalty'!$L:$L,$C$2)) | G98: =IF($A98="","",D98+E98-F98) | H98: =IF($A98="","",SUMIFS(Incentives!$H:$H,Incentives!$B:$B,$A98,Incentives!$N:$N,$B$2)+SUMIFS(Incentives!$H:$H,Incentives!$B:$B,$A98,Incentives!$N:$N,$C$2)) | I98: =IF($A98="","",COUNTIFS(Schedule!$G:$G,$A98,Schedule!$U:$U,$B$2,Schedule!$P:$P,">0")+COUNTIFS('TL Schedule'!$C:$C,$A98,'TL Schedule'!$K:$K,$B$2,'TL Schedule'!$J:$J,">0")+COUNTIFS(Schedule!$G:$G,$A98,Schedule!$U:$U,$C$2,Schedule!$P:$P,">0")+COUNTIFS('TL Schedule'!$C:$C,$A98,'TL Schedule'!$K:$K,$C$2,'TL Schedule'!$J:$J,">0")) | J98: =IF($A98="","",IFERROR(TEXTJOIN(", ",TRUE,UNIQUE(FILTER(Schedule!$D$2:$D50000,Schedule!$G$2:$G50000=$A98,Schedule!$P$2:$P50000>0,((Schedule!$U$2:$U50000=$B$2)+(Schedule!$U$2:$U50000=$C$2))))),""))
B99: =IF($A99="","",SUMIFS(Schedule!$P:$P,Schedule!$G:$G,$A99,Schedule!$U:$U,$B$2)+SUMIFS('TL Schedule'!$J:$J,'TL Schedule'!$C:$C,$A99,'TL Schedule'!$K:$K,$B$2)) | C99: =IF($A99="","",SUMIFS(Schedule!$P:$P,Schedule!$G:$G,$A99,Schedule!$U:$U,$C$2)+SUMIFS('TL Schedule'!$J:$J,'TL Schedule'!$C:$C,$A99,'TL Schedule'!$K:$K,$C$2)) | D99: =IF($A99="","",B99+C99) | E99: =IF($A99="","",SUMIFS(Overtime!$H:$H,Overtime!$B:$B,$A99,Overtime!$N:$N,$B$2)+SUMIFS(Overtime!$H:$H,Overtime!$B:$B,$A99,Overtime!$N:$N,$C$2)) | F99: =IF($A99="","",SUMIFS('Death Penalty'!$E:$E,'Death Penalty'!$B:$B,$A99,'Death Penalty'!$L:$L,$B$2)+SUMIFS('Death Penalty'!$E:$E,'Death Penalty'!$B:$B,$A99,'Death Penalty'!$L:$L,$C$2)) | G99: =IF($A99="","",D99+E99-F99) | H99: =IF($A99="","",SUMIFS(Incentives!$H:$H,Incentives!$B:$B,$A99,Incentives!$N:$N,$B$2)+SUMIFS(Incentives!$H:$H,Incentives!$B:$B,$A99,Incentives!$N:$N,$C$2)) | I99: =IF($A99="","",COUNTIFS(Schedule!$G:$G,$A99,Schedule!$U:$U,$B$2,Schedule!$P:$P,">0")+COUNTIFS('TL Schedule'!$C:$C,$A99,'TL Schedule'!$K:$K,$B$2,'TL Schedule'!$J:$J,">0")+COUNTIFS(Schedule!$G:$G,$A99,Schedule!$U:$U,$C$2,Schedule!$P:$P,">0")+COUNTIFS('TL Schedule'!$C:$C,$A99,'TL Schedule'!$K:$K,$C$2,'TL Schedule'!$J:$J,">0")) | J99: =IF($A99="","",IFERROR(TEXTJOIN(", ",TRUE,UNIQUE(FILTER(Schedule!$D$2:$D50000,Schedule!$G$2:$G50000=$A99,Schedule!$P$2:$P50000>0,((Schedule!$U$2:$U50000=$B$2)+(Schedule!$U$2:$U50000=$C$2))))),""))
B100: =IF($A100="","",SUMIFS(Schedule!$P:$P,Schedule!$G:$G,$A100,Schedule!$U:$U,$B$2)+SUMIFS('TL Schedule'!$J:$J,'TL Schedule'!$C:$C,$A100,'TL Schedule'!$K:$K,$B$2)) | C100: =IF($A100="","",SUMIFS(Schedule!$P:$P,Schedule!$G:$G,$A100,Schedule!$U:$U,$C$2)+SUMIFS('TL Schedule'!$J:$J,'TL Schedule'!$C:$C,$A100,'TL Schedule'!$K:$K,$C$2)) | D100: =IF($A100="","",B100+C100) | E100: =IF($A100="","",SUMIFS(Overtime!$H:$H,Overtime!$B:$B,$A100,Overtime!$N:$N,$B$2)+SUMIFS(Overtime!$H:$H,Overtime!$B:$B,$A100,Overtime!$N:$N,$C$2)) | F100: =IF($A100="","",SUMIFS('Death Penalty'!$E:$E,'Death Penalty'!$B:$B,$A100,'Death Penalty'!$L:$L,$B$2)+SUMIFS('Death Penalty'!$E:$E,'Death Penalty'!$B:$B,$A100,'Death Penalty'!$L:$L,$C$2)) | G100: =IF($A100="","",D100+E100-F100) | H100: =IF($A100="","",SUMIFS(Incentives!$H:$H,Incentives!$B:$B,$A100,Incentives!$N:$N,$B$2)+SUMIFS(Incentives!$H:$H,Incentives!$B:$B,$A100,Incentives!$N:$N,$C$2)) | I100: =IF($A100="","",COUNTIFS(Schedule!$G:$G,$A100,Schedule!$U:$U,$B$2,Schedule!$P:$P,">0")+COUNTIFS('TL Schedule'!$C:$C,$A100,'TL Schedule'!$K:$K,$B$2,'TL Schedule'!$J:$J,">0")+COUNTIFS(Schedule!$G:$G,$A100,Schedule!$U:$U,$C$2,Schedule!$P:$P,">0")+COUNTIFS('TL Schedule'!$C:$C,$A100,'TL Schedule'!$K:$K,$C$2,'TL Schedule'!$J:$J,">0")) | J100: =IF($A100="","",IFERROR(TEXTJOIN(", ",TRUE,UNIQUE(FILTER(Schedule!$D$2:$D50000,Schedule!$G$2:$G50000=$A100,Schedule!$P$2:$P50000>0,((Schedule!$U$2:$U50000=$B$2)+(Schedule!$U$2:$U50000=$C$2))))),""))
...

Sheet Payroll History
A1: Week | B1: Player | C1: Total Hours | D1: Shifts | E1: Characters
A2: W33 | B2: Richard Salupari | C2: 83 | D2: 7 | E2: Jjuni-Knight (7)
A3: W33 | B3: Mark Anthony | C3: 79 | D3: 7 | E3: Doma-Knight (7)
A4: W33 | B4: Raymond | C4: 65 | D4: 11 | E4: Elf-Elf (5), Kyoryu(Elf) (4), Jjuni-Knight (1), Mukkbo-Knight (1)
A5: W33 | B5: JM Racca | C5: 61 | D5: 6 | E5: Olleh-knight (5), Lammy Queen - Elf (1)
A6: W33 | B6: Rhuzsel | C6: 60 | D6: 7 | E6: Lammy Queen - Elf (4), Olleh-knight (2), Real Madrid-Knight (1)
A7: W33 | B7: Isiah | C7: 59 | D7: 6 | E7: Power20-Knight (6)
A8: W33 | B8: Raul | C8: 56 | D8: 6 | E8: Dalo-Knight (6)
A9: W33 | B9: Mitchell | C9: 56 | D9: 7 | E9: Lolly Elf (7)
A10: W33 | B10: Reno | C10: 55 | D10: 7 | E10: Pele(Chaerin) (2), Ronaldo (1), Sarim (1), Alex-Knight (1), Catleya (1), Duga - Knight (1)
A11: W33 | B11: Samantha | C11: 54 | D11: 7 | E11: Perez-Spatoy (7)
A12: W33 | B12: Monteza | C12: 53 | D12: 7 | E12: Heon-Knight (4), Power20-Knight (2), Doma-Knight (1)
A13: W33 | B13: Jeffrey | C13: 53 | D13: 7 | E13: Jangbi-Knight (7)
... A206: W20 | B206: TL - Alyssa | C206: 2 | D206: 1 | E206: Eastin (1)

Sheet Overtime
A1: Date | B1: Staff | C1: Role | D1: Account | E1: Slot | F1: Scheduled Time | G1: OT Time | H1: OT Hours | I1: Reason | J1: Manager | K1: Logged At | L1: Source | M1: Week | N1: Pay Week
A2: 2026-05-10 | B2: Alyssa | C2: TL | F2: OFF | G2: 4pm-8pm | H2: 4 | L2: migrated:TargetWeek20 | M2: =ARRAYFORMULA(IF(A2:A50000="",,TEXT(IF(ISNUMBER(A2:A50000),A2:A50000,IFERROR(DATEVALUE(A2:A50000)))-WEEKDAY(IF(ISNUMBER(A2:A50000),A2:A50000,IFERROR(DATEVALUE(A2:A50000))))+1,"yyyy-mm-dd"))) | N2: =ARRAYFORMULA(IF(A2:A50000="",,TEXT(IF(ISNUMBER(A2:A50000),A2:A50000,IFERROR(DATEVALUE(A2:A50000)))-WEEKDAY(IF(ISNUMBER(A2:A50000),A2:A50000,IFERROR(DATEVALUE(A2:A50000))),3),"yyyy-mm-dd")))
A3: 2026-05-10 | B3: John Manuel | C3: TL | F3: 12am-8am | H3: 12 | L3: migrated:TargetWeek20
A4: 2026-05-10 | B4: Micko Tanedo | C4: TL | F4: OFF | H4: 8 | L4: migrated:TargetWeek20
A5: 2026-05-11 | B5: Alyssa | C5: TL | F5: 4pm-12am | H5: 3 | L5: migrated:TargetWeek20
A6: 2026-05-11 | B6: John Manuel | C6: TL | F6: 12am-8am | H6: 10 | L6: migrated:TargetWeek20
A7: 2026-05-11 | B7: Micko Tanedo | C7: TL | F7: 8am-4pm | H7: 8 | L7: migrated:TargetWeek20
A8: 2026-05-12 | B8: Alyssa | C8: TL | F8: 3pm-10pm | G8: 11pm-4am | I8: OFF | L8: migrated:TargetWeek20
A9: 2026-05-12 | B9: Micko Tanedo | C9: TL | F9: 8am-4pm | H9: 8 | L9: migrated:TargetWeek20
A10: 2026-05-13 | B10: Alyssa | C10: TL | F10: OFF | G10: 8pm-12am | H10: 4 | L10: migrated:TargetWeek20
A11: 2026-05-13 | B11: John Manuel | C11: TL | F11: OFF | G11: 12am-4am | H11: 12 | L11: migrated:TargetWeek20
A12: 2026-05-13 | B12: Micko Tanedo | C12: TL | F12: 8am-4pm | H12: 8 | L12: migrated:TargetWeek20
A13: 2026-05-14 | B13: Alyssa | C13: TL | F13: 4pm-12am | G13: 6am-8am | H13: 4 | L13: migrated:TargetWeek20
A14: 2026-05-14 | B14: John Manuel | C14: TL | F14: 12am-8am | H14: 12 | L14: migrated:TargetWeek20
A15: 2026-05-14 | B15: Micko Tanedo | C15: TL | F15: 8am-4pm | H15: 8 | L15: migrated:TargetWeek20
A16: 2026-05-15 | B16: Alyssa | C16: TL | F16: 4pm-12am | G16: 4:30am-8am | H16: 4 | L16: migrated:TargetWeek20
A17: 2026-05-16 | B17: John Manuel | C17: TL | F17: OFF | G17: 12am-5am | L17: migrated:TargetWeek20
A18: 2026-05-16 | B18: Micko Tanedo | C18: TL | F18: Cancel OFF | G18: Present | L18: migrated:TargetWeek20
A19: 2026-05-17 | B19: Alyssa | C19: TL | F19: OFF | G19: 4pm-6pm | H19: 2 | L19: migrated:TargetWeek21
A20: 2026-05-20 | B20: Alyssa | C20: TL | F20: OFF | G20: 9pm-12pm | H20: 3 | L20: migrated:TargetWeek21
A21: 2026-05-21 | B21: John Manuel | C21: TL | F21: 12am-8am | G21: 5pm-8pm | H21: 3 | L21: migrated:TargetWeek21
A22: 2026-05-22 | B22: Alyssa | C22: TL | F22: 4pm-12am | G22: 2 hours | H22: 4 | L22: migrated:TargetWeek21
A23: 2026-05-22 | B23: John Manuel | C23: TL | F23: 12am-8am | G23: 3 hours | I23: CANCEL OFF | L23: migrated:TargetWeek21
A24: 2026-05-22 | B24: Micko Tanedo | C24: TL | F24: 8am-4pm | G24: 5 hours | H24: 8 | L24: migrated:TargetWeek21
A25: 2026-05-23 | B25: Micko Tanedo | C25: TL | F25: 8am-4pm | G25: 2 Hours | L25: migrated:TargetWeek21
A26: 2026-05-24 | B26: Alyssa | C26: TL | F26: OFF | G26: 4 hrs | H26: 4 | L26: migrated:TargetWeek22
A27: 2026-05-24 | B27: John Manuel | C27: TL | F27: 12am-8am | H27: 12 | L27: migrated:TargetWeek22
A28: 2026-05-24 | B28: Micko Tanedo | C28: TL | F28: OFF | G28: 6 hrs | H28: 8 | L28: migrated:TargetWeek22
A29: 2026-05-25 | B29: Alyssa | C29: TL | F29: 4pm-12am | H29: 3 | L29: migrated:TargetWeek22
A30: 2026-05-25 | B30: John Manuel | C30: TL | F30: 12am-8am | H30: 10 | L30: migrated:TargetWeek22
A31: 2026-05-25 | B31: Micko Tanedo | C31: TL | F31: 8am-4pm | G31: 3 hrs | H31: 8 | L31: migrated:TargetWeek22
A32: 2026-05-26 | B32: John Manuel | C32: TL | F32: 10pm-4am | G32: 4:30pm-10pm | H32: 5.5 | L32: migrated:TargetWeek22
A33: 2026-05-27 | B33: Alyssa | C33: TL | F33: OFF | G33: 4pm-5:00pm | H33: 1 | L33: migrated:TargetWeek22
A34: 2026-05-27 | B34: John Manuel | C34: TL | F34: Cancel OFF | G34: 8PM-9:30PM | H34: 1.5 | L34: migrated:TargetWeek22
A35: 2026-05-27 | B35: Micko Tanedo | C35: TL | F35: 8am-4pm | G35: 6:30pm-9:00pm | H35: 2.5 | L35: migrated:TargetWeek22
A36: 2026-05-28 | B36: John Manuel | C36: TL | F36: 12am-8am | G36: 8am-9am | H36: 1 | L36: migrated:TargetWeek22
A37: 2026-05-29 | B37: Alyssa | C37: TL | F37: 4pm-12am | H37: 4 | L37: migrated:TargetWeek22
A38: 2026-05-29 | B38: Micko Tanedo | C38: TL | F38: OFF | H38: 8 | L38: migrated:TargetWeek22
A39: 2026-05-31 | B39: Micko Tanedo | C39: TL | F39: OFF | H39: 4 | L39: migrated:TargetWeek23
A40: 2026-06-01 | B40: Alyssa | C40: TL | F40: OFF | G40: 4pm-7pm | H40: 3 | L40: migrated:TargetWeek23
A41: 2026-06-03 | B41: Alyssa | C41: TL | F41: 3pm-10pm | G41: 8:30am-2pm | H41: 5.5 | L41: migrated:TargetWeek23
A42: 2026-06-03 | B42: John Manuel | C42: TL | F42: 10pm-4am | G42: 8:30am-2pm | H42: 5.5 | L42: migrated:TargetWeek23
A43: 2026-06-05 | B43: John Manuel | C43: TL | F43: 12am-8am | G43: 8AM-10AM | H43: 2 | L43: migrated:TargetWeek23
A44: 2026-06-06 | B44: Alyssa | C44: TL | F44: 4pm-12am | G44: 12PM-3PM | H44: 3 | L44: migrated:TargetWeek23
A45: 2026-06-07 | B45: John Manuel | C45: TL | F45: 12am-8am | G45: 8AM-10AM | H45: 2 | L45: migrated:TargetWeek24
A46: 2026-06-08 | B46: Alyssa | C46: TL | F46: OFF | G46: 6am-10:30am | H46: 4.5 | L46: migrated:TargetWeek24
A47: 2026-06-11 | B47: Alyssa | C47: TL | F47: OFF | G47: 4pm-5pm & 9pm-12am | H47: 4 | L47: migrated:TargetWeek24
A48: 2026-06-11 | B48: John Manuel | C48: TL | F48: CANCEL OFF | G48: 8am-10am | H48: 2 | L48: migrated:TargetWeek24
A49: 2026-06-12 | B49: Alyssa | C49: TL | F49: 4pm-12am | G49: 15:00:00 | H49: 1 | L49: migrated:TargetWeek24
A50: 2026-06-12 | B50: John Manuel | C50: TL | F50: 12am-8am | G50: 8AM-10AM | H50: 2 | L50: migrated:TargetWeek24
A51: 2026-06-14 | B51: Alyssa | C51: TL | F51: OFF | G51: 4pm-10:30 | H51: 6.5 | L51: migrated:TargetWeek25
... A71: 2026-06-24 | B71: Micko Tanedo | C71: TL | F71: OFF | G71: 9am-11am | H71: 2 | L71: migrated:TargetWeek26
A72: 2026-06-25 | B72: Alyssa | C72: TL | F72: CANCEL OFF | H72: 3.5 | L72: migrated:TargetWeek26
A73: 2026-06-25 | B73: John Manuel | C73: TL | F73: CANCEL OFF | G73: 8AM-10AM&11PM-12AM | H73: 3 | L73: migrated:TargetWeek26
A74: 2026-06-25 | B74: Micko Tanedo | C74: TL | F74: 8am-4pm | G74: 6am - 8am | H74: 2 | L74: migrated:TargetWeek26
A75: 2026-06-26 | B75: Alyssa | C75: TL | F75: 4pm-12am | G75: 12am-1am | H75: 1 | L75: migrated:TargetWeek26
A76: 2026-06-26 | B76: John Manuel | C76: TL | F76: 12am-8am | G76: 8AM-10AM | H76: 2 | L76: migrated:TargetWeek26
A77: 2026-06-26 | B77: Micko Tanedo | C77: TL | F77: 8am-4pm | G77: 6am-8am & 4pm-6pm | H77: 4 | L77: migrated:TargetWeek26
A78: 2026-06-27 | B78: Alyssa | C78: TL | F78: 4pm-12am | G78: 2pm-4pm | H78: 2 | L78: migrated:TargetWeek26
A79: 2026-06-27 | B79: John Manuel | C79: TL | F79: CANCEL OFF | G79: 8AM-10AM & 8:30-12AM | H79: 5.5 | L79: migrated:TargetWeek26
A80: 2026-06-27 | B80: Micko Tanedo | C80: TL | F80: 8am-4pm | G80: 6am - 8am | H80: 2 | L80: migrated:TargetWeek26
A81: 2026-06-28 | B81: Alyssa | C81: TL | F81: OFF | G81: 3pm-7pm | H81: 4 | L81: migrated:TargetWeek27
A82: 2026-06-28 | B82: John Manuel | C82: TL | F82: 12am-8am | G82: 8:30PM-12AM | H82: 3.5 | L82: migrated:TargetWeek27
A83: 2026-06-28 | B83: Micko Tanedo | C83: TL | F83: OFF | G83: 8am-10am | H83: 2 | L83: migrated:TargetWeek27
A84: 2026-06-29 | B84: Alyssa | C84: TL | F84: 4pm-12am | G84: 1pm-3pm | H84: 3 | L84: migrated:TargetWeek27
... A316: 2026-09-25 | B316: John Manuel | C316: TL | F316: 12am-8am | G316: 8AM-11AM | H316: 3 | L316: migrated:TargetWeek39(9.20~9.26.)

Sheet Incentives
A1: Date | B1: Staff | C1: Role | D1: Account | E1: Class | F1: Level | G1: KPI | H1: Amount | I1: Reason | J1: Manager | K1: Logged At | L1: Source | M1: Week | N1: Pay Week
M2: =ARRAYFORMULA(IF(A2:A50000="",,TEXT(IF(ISNUMBER(A2:A50000),A2:A50000,IFERROR(DATEVALUE(A2:A50000)))-WEEKDAY(IF(ISNUMBER(A2:A50000),A2:A50000,IFERROR(DATEVALUE(A2:A50000))))+1,"yyyy-mm-dd"))) | N2: =ARRAYFORMULA(IF(A2:A50000="",,TEXT(IF(ISNUMBER(A2:A50000),A2:A50000,IFERROR(DATEVALUE(A2:A50000)))-WEEKDAY(IF(ISNUMBER(A2:A50000),A2:A50000,IFERROR(DATEVALUE(A2:A50000))),3),"yyyy-mm-dd")))

Sheet Death Penalty
A1: Date | B1: Player | C1: Character | D1: Shift | E1: Penalty Hours | F1: Action | G1: IR | H1: Manager | I1: Logged At | J1: Source | K1: Week | L1: Pay Week
A2: 2026-05-18 | B2: David Ayag | C2: Perez | D2: Mid Shift | E2: 2 | F2: Removed 2 hours in the sheet | J2: migrated:Death Penalty Week 25 & 26 | K2: =ARRAYFORMULA(IF(A2:A50000="",,TEXT(IF(ISNUMBER(A2:A50000),A2:A50000,IFERROR(DATEVALUE(A2:A50000)))-WEEKDAY(IF(ISNUMBER(A2:A50000),A2:A50000,IFERROR(DATEVALUE(A2:A50000))))+1,"yyyy-mm-dd"))) | L2: =ARRAYFORMULA(IF(A2:A50000="",,TEXT(IF(ISNUMBER(A2:A50000),A2:A50000,IFERROR(DATEVALUE(A2:A50000)))-WEEKDAY(IF(ISNUMBER(A2:A50000),A2:A50000,IFERROR(DATEVALUE(A2:A50000))),3),"yyyy-mm-dd")))
A3: 2026-06-15 | B3: Isiah | C3: Zombie | D3: Morning Shift | E3: 2 | F3: Removed 2 hours in the sheet | J3: migrated:Death Penalty Week 25 & 26
A4: 2026-06-17 | B4: Jan Nino | C4: Perez | D4: Mid Shift | E4: 2 | F4: Removed 2 hours in the sheet | J4: migrated:Death Penalty Week 25 & 26
A5: 2026-06-17 | B5: Rhuzsel | C5: Sea | D5: GY Shift | E5: 2 | F5: Done with 2 hour extra work, already did not add to the time sheet | J5: migrated:Death Penalty Week 25 & 26
A6: 2026-06-18 | B6: Andaya | C6: Legend | D6: GY Shift | E6: 1 | F6: Removed 2 hours in the sheet | J6: migrated:Death Penalty Week 25 & 26
A7: 2026-06-18 | B7: Richard Salupari | C7: Comfort | D7: GY Shift | E7: 2 | F7: Removed 2 hours in the sheet | J7: migrated:Death Penalty Week 25 & 26
A8: 2026-06-20 | B8: Adrian Torres | C8: Taejo | D8: Mid Shift | E8: 1 | F8: Removed 1 hours in the sheet | J8: migrated:Death Penalty Week 25 & 26
A9: 2026-06-20 | B9: Cath Valdez | C9: Hockey-Elf | D9: GY Shift | E9: 2 | F9: Removed 2 hours in the sheet | J9: migrated:Death Penalty Week 25 & 26
A10: 2026-06-20 | B10: Erween | C10: Alex | D10: GY Shift | E10: 2 | F10: Removed 2 hours in the sheet | J10: migrated:Death Penalty Week 25 & 26
A11: 2026-06-21 | B11: JM Racca | C11: Dal-o | D11: GY Shift | E11: 2 | F11: Removed 2 hours in the sheet | J11: migrated:Death Penalty Week 25 & 26
A12: 2026-06-21 | B12: Samantha | C12: Olleh | D12: Morning Shift | E12: 2 | F12: Removed 2 hours in the sheet | J12: migrated:Death Penalty Week 25 & 26
A13: 2026-06-22 | B13: Andaya | C13: Legend | D13: GY Shift | E13: 2 | F13: Removed 2 hours in the sheet | J13: migrated:Death Penalty Week 25 & 26
A14: 2026-06-22 | B14: Ehder Lhen | C14: Zombie | D14: GY Shift | E14: 2 | F14: Removed 2 hours in the sheet | J14: migrated:Death Penalty Week 25 & 26
... A28: 2026-06-28 | B28: Roderick | C28: Typhoon | D28: GY Shift | E28: 2 | F28: Done with 2 hour extra work, already did not add to the time sheet | J28: migrated:Death Penalty Week 25 & 26
A29: 2026-06-28 | B29: Roderick | C29: Typhoon | D29: GY Shift | E29: 2 | J29: migrated:Death Penalty Week 25 & 26
A30: 2026-06-28 | B30: Roderick | C30: Typhoon | D30: GY Shift | E30: 2 | J30: migrated:Death Penalty Week 25 & 26
A31: 2026-06-29 | B31: Jonard | C31: Perez | D31: Morning Shift | E31: 2 | F31: Removed 2 hours in the sheet | J31: migrated:Death Penalty Week 27 & 28
A32: 2026-06-30 | B32: David Ayag | C32: Perez | D32: Mid Shift | E32: 2 | F32: Removed 2 hours in the sheet (orig date: 2026-06030) | J32: migrated:Death Penalty Week 27 & 28
A33: 2026-06-30 | B33: Marlon | C33: Zombie | D33: Morning Shift | E33: 2 | F33: Removed 2 hours in the sheet | J33: migrated:Death Penalty Week 27 & 28
A34: 2026-06-30 | B34: Samantha | C34: Perez | D34: Morning Shift | E34: 2 | F34: Removed 2 hours in the sheet | J34: migrated:Death Penalty Week 27 & 28
A35: 2026-07-02 | B35: Jay Penilla | C35: Sarim | D35: Mid Shift | E35: 1 | F35: Removed 1 hours in the sheet | J35: migrated:Death Penalty Week 27 & 28
A36: 2026-07-02 | B36: Lemark | C36: Gob | D36: Mid Shift | E36: 2 | F36: Removed 2 hours in the sheet | J36: migrated:Death Penalty Week 27 & 28
A37: 2026-07-04 | B37: Roderick | C37: Typhoon | D37: GY-Shift | E37: 2 | F37: Removed 2 hours in the sheet | J37: migrated:Death Penalty Week 27 & 28
A38: 2026-07-05 | B38: Monteza | C38: Jejo | D38: GY-Shift | E38: 2 | F38: Removed 2 hours in the sheet | J38: migrated:Death Penalty Week 27 & 28
A39: 2026-07-06 | B39: Mark Angelo | C39: Heon | D39: Morning Shift | E39: 1 | F39: Worked 1 Hour for penalty!~ | J39: migrated:Death Penalty Week 27 & 28
A40: 2026-07-06 | B40: Monteza | C40: Jejo | D40: GY-Shift | E40: 2 | F40: Done with 2 hour extra work, already did not add to the time sheet | J40: migrated:Death Penalty Week 27 & 28
A41: 2026-07-06 | B41: Nikko | C41: Zombie | D41: Morning Shift | E41: 2 | F41: Removed 2 hours in the sheet | J41: migrated:Death Penalty Week 27 & 28
A42: 2026-07-07 | B42: Marlon | C42: Zombie | D42: Morning Shift | E42: 2 | F42: Removed 2 hours in the sheet | J42: migrated:Death Penalty Week 27 & 28
... A89: 2026-08-20 | B89: Reno | C89: Pele | D89: Morning Shift | E89: 2 | F89: Removed 2 hours in the sheet | J89: migrated:Death Penalty Week 33 & 34
A90: 2026-08-31 | B90: Raul | C90: Dal-o | D90: GY-Shift | E90: 2 | J90: migrated:Death Penalty Week 35 & 36
A91: 2026-09-02 | B91: Jay Penilla | C91: Realmadrid | D91: MID- Shift | E91: 2 | J91: migrated:Death Penalty Week 35 & 36
A92: 2026-09-02 | B92: Jay Penilla | C92: Realmadrid | D92: MID- Shift | E92: 2 | J92: migrated:Death Penalty Week 35 & 36
A93: 2026-09-03 | B93: Lemark | C93: Marcelo | D93: GY-Shift | E93: 1 | J93: migrated:Death Penalty Week 35 & 36
A94: 2026-09-03 | B94: Rhuzsel | C94: Lammy Queen | D94: GY-Shift | E94: 2 | J94: migrated:Death Penalty Week 35 & 36
A95: 2026-09-04 | B95: Ginbert | C95: Alex | D95: Morning - Shift | E95: 2 | J95: migrated:Death Penalty Week 35 & 36
A96: 2026-09-06 | B96: Paul | C96: Return | D96: GY-Shift | E96: 2 | J96: migrated:Death Penalty Week 35 & 36
A97: 2026-09-06 | B97: Rodel | C97: Pele | D97: GY-Shift | E97: 1 | J97: migrated:Death Penalty Week 35 & 36
A98: 2026-09-08 | B98: Christelle | C98: SSEN | D98: Morning Shift | E98: 2 | F98: Removed 2 hours | J98: migrated:Death Penalty Week 37 & 38
A99: 2026-09-08 | B99: Patrick | C99: Ada | D99: Morning Shift | E99: 2 | F99: Removed 2 hours | J99: migrated:Death Penalty Week 37 & 38
A100: 2026-09-08 | B100: Rhuzsel | C100: Lammy Queen | D100: GY-Shift | E100: 2 | J100: migrated:Death Penalty Week 37 & 38
A101: 2026-09-09 | B101: Isiah | C101: Power | D101: Morning Shift | E101: 2 | F101: Removed 2 hours | J101: migrated:Death Penalty Week 37 & 38
A102: 2026-09-09 | B102: Nikko | C102: Olleh | D102: Morning Shift | E102: 2 | F102: Removed 2 hours | J102: migrated:Death Penalty Week 37 & 38
A103: 2026-09-10 | B103: Cedric | C103: Dodam | D103: Morning Shift | E103: 2 | F103: Removed 2 hours | J103: migrated:Death Penalty Week 37 & 38
A104: 2026-09-10 | B104: Rhuzsel | C104: Lammy Queen | D104: GY-Shift | E104: 2 | J104: migrated:Death Penalty Week 37 & 38
A105: 2026-09-10 | B105: Rodel | C105: Pele | D105: GY-Shift | E105: 1 | J105: migrated:Death Penalty Week 37 & 38
A106: 2026-09-14 | B106: Cedric | C106: Dodam | D106: Morning Shift | E106: 2 | F106: Removed 2 hours | J106: migrated:Death Penalty Week 37 & 38
A107: 2026-09-14 | B107: Kim Carl | C107: Heon | D107: Morning Shift | E107: 2 | F107: Removed 2 hours | J107: migrated:Death Penalty Week 37 & 38
A108: 2026-09-15 | B108: Christelle | C108: SSEN | D108: Morning Shift | E108: 2 | F108: Removed 2 hours | J108: migrated:Death Penalty Week 37 & 38
A109: 2026-09-17 | B109: Christelle | C109: SSEN | D109: Morning Shift | E109: 2 | F109: Removed 2 hours | J109: migrated:Death Penalty Week 37 & 38
A110: 2026-09-19 | B110: Geo | C110: Sarim | D110: Morning Shift | E110: 2 | F110: Removed 2 hours | J110: migrated:Death Penalty Week 37 & 38
A111: 2026-09-19 | B111: Samantha | C111: Nico Robin | D111: Morning Shift | E111: 2 | F111: Removed 2 hours | J111: migrated:Death Penalty Week 37 & 38

Sheet Settings
A1: Setting | B1: Value | C1: Note
A2: Maintenance Day | B2: Wed | C2: Weekly game maintenance day (Sun/Mon/…/Sat). Blank = none
A3: Maintenance Start | B3: 05:00 | C3: Same clock as the Schedule times
